Record Length;2500;;   0.000000000000;  -1.88000;
Sample Interval;0,0004;;   0.000400000000;  -1.88000;
Trigger Point;0;;   0.000800000000;  -1.88000;
;;;   0.001200000000;  -1.88000;
;;;   0.001600000000;  -1.88000;
;;;   0.002000000000;  -1.88000;
Source;CH2;;   0.002400000000;  -1.88000;
Vertical Units;V;;   0.002800000000;  -1.88000;
Vertical Scale;1;;   0.003200000000;  -1.88000;
Vertical Offset;-3.24;;   0.003600000000;  -1.88000;
Horizontal Units;s;;   0.004000000000;  -1.88000;
Horizontal Scale;0.1;;   0.004400000000;  -1.88000;
Pt Fmt;Y;;   0.004800000000;  -1.88000;
Yzero;0;;   0.005200000000;  -1.88000;
Probe Atten;1;;   0.005600000000;  -1.88000;
Model Number;TDS2012C;;   0.006000000000;  -1.88000;
Serial Number;C021955;;   0.006400000000;  -1.88000;
Firmware Version;FV:v24.18;;   0.006800000000;  -1.88000;
;;;0.0072;  -1.88000;0.0564
;;;0.0076;  -1.88000;0.0564
;;;0.008;  -1.88000;0.0564
;;;0.0084;  -1.88000;0.0564
;;;0.0088;  -1.88000;0.0564
;;;0.0092;  -1.88000;0.0564
;;;0.0096;  -1.88000;0.0564
;;;0.01;  -1.88000;0.0564
;;;0.0104;  -1.88000;0.0564
;;;0.0108;  -1.88000;0.0564
;;;0.0112;  -1.88000;0.0564
;;;0.0116;  -1.88000;0.0564
;;;0.012;  -1.88000;0.0564
;;;0.0124;  -1.88000;0.0564
;;;0.0128;  -1.88000;0.0564
;;;0.0132;  -1.88000;0.0564
;;;0.0136;  -1.88000;0.0564
;;;0.014;  -1.88000;0.0564
;;;0.0144;  -1.88000;0.0564
;;;0.0148;  -1.88000;0.0564
;;;0.0152;  -1.88000;0.0564
;;;0.0156;  -1.88000;0.0564
;;;0.016;  -1.88000;0.0564
;;;0.0164;  -1.88000;0.0564
;;;0.0168;  -1.88000;0.0564
;;;0.0172;  -1.88000;0.0564
;;;0.0176;  -1.88000;0.0564
;;;0.018;  -1.88000;0.0564
;;;0.0184;  -1.88000;0.0564
;;;0.0188;  -1.88000;0.0564
;;;0.0192;  -1.88000;0.0564
;;;0.0196;  -1.88000;0.0564
;;;0.02;  -1.88000;0.0564
;;;0.0204;  -1.88000;0.0564
;;;0.0208;  -1.88000;0.0564
;;;0.0212;  -1.88000;0.0564
;;;0.0216;  -1.88000;0.0564
;;;0.022;  -1.88000;0.0564
;;;0.0224;  -1.88000;0.0564
;;;0.0228;  -1.88000;0.0564
;;;0.0232;  -1.88000;0.0564
;;;0.0236;  -1.88000;0.0564
;;;0.024;  -1.88000;0.0564
;;;0.0244;  -1.88000;0.0564
;;;0.0248;  -1.88000;0.0564
;;;0.0252;  -1.88000;0.0564
;;;0.0256;  -1.88000;0.0564
;;;0.026;  -1.88000;0.0564
;;;0.0264;  -1.88000;0.0564
;;;0.0268;  -1.88000;0.0564
;;;0.0272;  -1.88000;0.0564
;;;0.0276;  -1.88000;0.0564
;;;0.028;  -1.88000;0.0564
;;;0.0284;  -1.88000;0.0564
;;;0.0288;  -1.88000;0.0564
;;;0.0292;  -1.88000;0.0564
;;;0.0296;  -1.88000;0.0564
;;;0.03;  -1.88000;0.0564
;;;0.0304;  -1.88000;0.0564
;;;0.0308;  -1.88000;0.0564
;;;0.0312;  -1.88000;0.0564
;;;0.0316;  -1.88000;0.0564
;;;0.032;  -1.88000;0.0564
;;;0.0324;  -1.88000;0.0564
;;;0.0328;  -1.88000;0.0564
;;;0.0332;  -1.88000;0.0564
;;;0.0336;  -1.88000;0.0564
;;;0.034;  -1.88000;0.0564
;;;0.0344;  -1.88000;0.0564
;;;0.0348;  -1.88000;0.0564
;;;0.0352;  -1.88000;0.0564
;;;0.0356;  -1.88000;0.0564
;;;0.036;  -1.88000;0.0564
;;;0.0364;  -1.88000;0.0564
;;;0.0368;  -1.88000;0.0564
;;;0.0372;  -1.88000;0.0564
;;;0.0376;  -1.88000;0.0564
;;;0.038;  -1.88000;0.0564
;;;0.0384;  -1.88000;0.0564
;;;0.0388;  -1.88000;0.0564
;;;0.0392;  -1.88000;0.0564
;;;0.0396;  -1.88000;0.0564
;;;0.04;  -1.88000;0.0564
;;;0.0404;  -1.88000;0.0564
;;;0.0408;  -1.88000;0.0564
;;;0.0412;  -1.88000;0.0564
;;;0.0416;  -1.88000;0.0564
;;;0.042;  -1.88000;0.0564
;;;0.0424;  -1.88000;0.0564
;;;0.0428;  -1.88000;0.0564
;;;0.0432;  -1.88000;0.0564
;;;0.0436;  -1.88000;0.0564
;;;0.044;  -1.88000;0.0564
;;;0.0444;  -1.88000;0.0564
;;;0.0448;  -1.88000;0.0564
;;;0.0452;  -1.88000;0.0564
;;;0.0456;  -1.88000;0.0564
;;;0.046;  -1.88000;0.0564
;;;0.0464;  -1.88000;0.0564
;;;0.0468;  -1.88000;0.0564
;;;0.0472;  -1.88000;0.0564
;;;0.0476;  -1.88000;0.0564
;;;0.048;  -1.88000;0.0564
;;;0.0484;  -1.88000;0.0564
;;;0.0488;  -1.88000;0.0564
;;;0.0492;  -1.88000;0.0564
;;;0.0496;  -1.88000;0.0564
;;;0.05;  -1.88000;0.0564
;;;0.0504;  -1.88000;0.0564
;;;0.0508;  -1.88000;0.0564
;;;0.0512;  -1.88000;0.0564
;;;0.0516;  -1.88000;0.0564
;;;0.052;  -1.88000;0.0564
;;;0.0524;  -1.88000;0.0564
;;;0.0528;  -1.88000;0.0564
;;;0.0532;  -1.88000;0.0564
;;;0.0536;  -1.88000;0.0564
;;;0.054;  -1.88000;0.0564
;;;0.0544;  -1.88000;0.0564
;;;0.0548;  -1.88000;0.0564
;;;0.0552;  -1.88000;0.0564
;;;0.0556;  -1.88000;0.0564
;;;0.056;  -1.88000;0.0564
;;;0.0564;  -1.88000;0.0564
;;;0.0568;  -1.88000;0.0564
;;;0.0572;  -1.88000;0.0564
;;;0.0576;  -1.88000;0.0564
;;;0.058;  -1.88000;0.0564
;;;0.0584;  -1.88000;0.0564
;;;0.0588;  -1.88000;0.0564
;;;0.0592;  -1.88000;0.0564
;;;0.0596;  -1.88000;0.0564
;;;0.06;  -1.88000;0.0564
;;;0.0604;  -1.88000;0.0564
;;;0.0608;  -1.88000;0.0564
;;;0.0612;  -1.88000;0.0564
;;;0.0616;  -1.88000;0.0564
;;;0.062;  -1.88000;0.0564
;;;0.0624;  -1.88000;0.0564
;;;0.0628;  -1.88000;0.0564
;;;0.0632;  -1.88000;0.0564
;;;0.0636;  -1.88000;0.0564
;;;0.064;  -1.88000;0.0564
;;;0.0644;  -1.88000;0.0564
;;;0.0648;  -1.88000;0.0564
;;;0.0652;  -1.88000;0.0564
;;;0.0656;  -1.88000;0.0564
;;;0.066;  -1.88000;0.0564
;;;0.0664;  -1.88000;0.0564
;;;0.0668;  -1.88000;0.0564
;;;0.0672;  -1.88000;0.0564
;;;0.0676;  -1.88000;0.0564
;;;0.068;  -1.88000;0.0564
;;;0.0684;  -1.88000;0.0564
;;;0.0688;  -1.88000;0.0564
;;;0.0692;   0.52000;0.0156
;;;0.0696;   0.56000;0.0168
;;;0.07;   0.60000;0.018
;;;0.0704;   0.64000;0.0192
;;;0.0708;   0.68000;0.0204
;;;0.0712;   0.72000;0.0216
;;;0.0716;   0.80000;0.024
;;;0.072;   0.88000;0.0264
;;;0.0724;   0.96000;0.0288
;;;0.0728;   1.04000;0.0312
;;;0.0732;   1.12000;0.0336
;;;0.0736;   1.16000;0.0348
;;;0.074;   1.24000;0.0372
;;;0.0744;   1.36000;0.0408
;;;0.0748;   1.48000;0.0444
;;;0.0752;   1.64000;0.0492
;;;0.0756;   1.80000;0.054
;;;0.076;   1.92000;0.0576
;;;0.0764;   2.04000;0.0612
;;;0.0768;   2.16000;0.0648
;;;0.0772;   2.36000;0.0708
;;;0.0776;   2.56000;0.0768
;;;0.078;   2.76000;0.0828
;;;0.0784;   2.92000;0.0876
;;;0.0788;   3.04000;0.0912
;;;0.0792;   3.20000;0.096
;;;0.0796;   3.40000;0.102
;;;0.08;   3.56000;0.1068
;;;0.0804;   3.64000;0.1092
;;;0.0808;   3.72000;0.1116
;;;0.0812;   3.76000;0.1128
;;;0.0816;   3.76000;0.1128
;;;0.082;   3.76000;0.1128
;;;0.0824;   3.68000;0.1104
;;;0.0828;   3.56000;0.1068
;;;0.0832;   3.44000;0.1032
;;;0.0836;   3.52000;0.1056
;;;0.084;   3.64000;0.1092
;;;0.0844;   3.76000;0.1128
;;;0.0848;   3.76000;0.1128
;;;0.0852;   3.76000;0.1128
;;;0.0856;   3.76000;0.1128
;;;0.086;   3.76000;0.1128
;;;0.0864;   3.76000;0.1128
;;;0.0868;   3.64000;0.1092
;;;0.0872;   3.64000;0.1092
;;;0.0876;   3.64000;0.1092
;;;0.088;   3.64000;0.1092
;;;0.0884;   3.64000;0.1092
;;;0.0888;   3.48000;0.1044
;;;0.0892;   3.28000;0.0984
;;;0.0896;   3.08000;0.0924
;;;0.09;   3.04000;0.0912
;;;0.0904;   3.08000;0.0924
;;;0.0908;   3.00000;0.09
;;;0.0912;   2.88000;0.0864
;;;0.0916;   2.72000;0.0816
;;;0.092;   2.48000;0.0744
;;;0.0924;   2.44000;0.0732
;;;0.0928;   2.40000;0.072
;;;0.0932;   2.36000;0.0708
;;;0.0936;   2.24000;0.0672
;;;0.094;   2.04000;0.0612
;;;0.0944;   1.84000;0.0552
;;;0.0948;   1.72000;0.0516
;;;0.0952;   1.72000;0.0516
;;;0.0956;   1.68000;0.0504
;;;0.096;   1.64000;0.0492
;;;0.0964;   1.48000;0.0444
;;;0.0968;   1.40000;0.042
;;;0.0972;   1.28000;0.0384
;;;0.0976;   1.28000;0.0384
;;;0.098;   1.20000;0.036
;;;0.0984;   1.16000;0.0348
;;;0.0988;   1.04000;0.0312
;;;0.0992;   1.00000;0.03
;;;0.0996;   0.96000;0.0288
;;;0.1;   0.92000;0.0276
;;;0.1004;   0.88000;0.0264
;;;0.1008;   0.84000;0.0252
;;;0.1012;   0.76000;0.0228
;;;0.1016;   0.72000;0.0216
;;;0.102;   0.68000;0.0204
;;;0.1024;   0.64000;0.0192
;;;0.1028;   0.64000;0.0192
;;;0.1032;   0.60000;0.018
;;;0.1036;   0.56000;0.0168
;;;0.104;   0.52000;0.0156
;;;0.1044;   0.52000;0.0156
;;;0.1048;   0.48000;0.0144
;;;0.1052;   0.48000;0.0144
;;;0.1056;   0.44000;0.0132
;;;0.106;   0.44000;0.0132
;;;0.1064;   0.40000;0.012
;;;0.1068;   0.40000;0.012
;;;0.1072;   0.36000;0.0108
;;;0.1076;   0.36000;0.0108
;;;0.108;   0.36000;0.0108
;;;0.1084;   0.36000;0.0108
;;;0.1088;   0.32000;0.0096
;;;0.1092;   0.32000;0.0096
;;;0.1096;   0.28000;0.0084
;;;0.11;   0.28000;0.0084
;;;0.1104;   0.28000;0.0084
;;;0.1108;   0.28000;0.0084
;;;0.1112;   0.24000;0.0072
;;;0.1116;   0.24000;0.0072
;;;0.112;   0.24000;0.0072
;;;0.1124;   0.24000;0.0072
;;;0.1128;   0.24000;0.0072
;;;0.1132;   0.20000;0.006
;;;0.1136;   0.20000;0.006
;;;0.114;   0.20000;0.006
;;;0.1144;   0.20000;0.006
;;;0.1148;   0.16000;0.0048
;;;0.1152;   0.16000;0.0048
;;;0.1156;   0.16000;0.0048
;;;0.116;   0.20000;0.006
;;;0.1164;   0.16000;0.0048
;;;0.1168;   0.16000;0.0048
;;;0.1172;   0.16000;0.0048
;;;0.1176;   0.12000;0.0036
;;;0.118;   0.12000;0.0036
;;;0.1184;   0.12000;0.0036
;;;0.1188;   0.12000;0.0036
;;;0.1192;   0.12000;0.0036
;;;0.1196;   0.12000;0.0036
;;;0.12;   0.12000;0.0036
;;;0.1204;   0.12000;0.0036
;;;0.1208;   0.12000;0.0036
;;;0.1212;   0.12000;0.0036
;;;0.1216;   0.12000;0.0036
;;;0.122;   0.12000;0.0036
;;;0.1224;   0.12000;0.0036
;;;0.1228;   0.12000;0.0036
;;;0.1232;   0.12000;0.0036
;;;0.1236;   0.12000;0.0036
;;;0.124;   0.12000;0.0036
;;;0.1244;   0.08000;0.0024
;;;0.1248;   0.12000;0.0036
;;;0.1252;   0.12000;0.0036
;;;0.1256;   0.08000;0.0024
;;;0.126;   0.08000;0.0024
;;;0.1264;   0.08000;0.0024
;;;0.1268;   0.08000;0.0024
;;;0.1272;   0.08000;0.0024
;;;0.1276;   0.12000;0.0036
;;;0.128;   0.08000;0.0024
;;;0.1284;   0.08000;0.0024
;;;0.1288;   0.08000;0.0024
;;;0.1292;   0.08000;0.0024
;;;0.1296;   0.12000;0.0036
;;;0.13;   0.04000;0.0012
;;;0.1304;   0.08000;0.0024
;;;0.1308;   0.08000;0.0024
;;;0.1312;   0.08000;0.0024
;;;0.1316;   0.08000;0.0024
;;;0.132;   0.08000;0.0024
;;;0.1324;   0.04000;0.0012
;;;0.1328;   0.08000;0.0024
;;;0.1332;   0.08000;0.0024
;;;0.1336;   0.08000;0.0024
;;;0.134;   0.08000;0.0024
;;;0.1344;   0.04000;0.0012
;;;0.1348;   0.04000;0.0012
;;;0.1352;   0.08000;0.0024
;;;0.1356;   0.08000;0.0024
;;;0.136;   0.08000;0.0024
;;;0.1364;   0.04000;0.0012
;;;0.1368;   0.04000;0.0012
;;;0.1372;   0.08000;0.0024
;;;0.1376;   0.04000;0.0012
;;;0.138;   0.04000;0.0012
;;;0.1384;   0.04000;0.0012
;;;0.1388;   0.04000;0.0012
;;;0.1392;   0.04000;0.0012
;;;0.1396;   0.04000;0.0012
;;;0.14;   0.04000;0.0012
;;;0.1404;   0.04000;0.0012
;;;0.1408;   0.04000;0.0012
;;;0.1412;   0.04000;0.0012
;;;0.1416;   0.04000;0.0012
;;;0.142;   0.04000;0.0012
;;;0.1424;   0.04000;0.0012
;;;0.1428;   0.04000;0.0012
;;;0.1432;   0.04000;0.0012
;;;0.1436;   0.04000;0.0012
;;;0.144;   0.04000;0.0012
;;;0.1444;   0.00000;0.03
;;;0.1448;   0.00000;0.03
;;;0.1452;   0.04000;0.0012
;;;0.1456;   0.00000;0.03
;;;0.146;   0.00000;0.03
;;;0.1464;   0.04000;0.0012
;;;0.1468;   0.04000;0.0012
;;;0.1472;   0.04000;0.0012
;;;0.1476;   0.04000;0.0012
;;;0.148;   0.04000;0.0012
;;;0.1484;   0.00000;0.03
;;;0.1488;   0.04000;0.0012
;;;0.1492;   0.00000;0.03
;;;0.1496;   0.00000;0.03
;;;0.15;   0.04000;0.0012
;;;0.1504;   0.04000;0.0012
;;;0.1508;   0.00000;0.03
;;;0.1512;   0.04000;0.0012
;;;0.1516;   0.00000;0.03
;;;0.152;   0.04000;0.0012
;;;0.1524;   0.04000;0.0012
;;;0.1528;   0.04000;0.0012
;;;0.1532;   0.04000;0.0012
;;;0.1536;   0.00000;0.03
;;;0.154;   0.04000;0.0012
;;;0.1544;   0.00000;0.03
;;;0.1548;   0.04000;0.0012
;;;0.1552;   0.04000;0.0012
;;;0.1556;   0.00000;0.03
;;;0.156;   0.04000;0.0012
;;;0.1564;   0.00000;0.03
;;;0.1568;   0.00000;0.03
;;;0.1572;   0.04000;0.0012
;;;0.1576;   0.00000;0.03
;;;0.158;   0.04000;0.0012
;;;0.1584;   0.00000;0.03
;;;0.1588;   0.00000;0.03
;;;0.1592;   0.00000;0.03
;;;0.1596;   0.04000;0.0012
;;;0.16;   0.04000;0.0012
;;;0.1604;   0.00000;0.03
;;;0.1608;   0.04000;0.0012
;;;0.1612;   0.04000;0.0012
;;;0.1616;   0.00000;0.03
;;;0.162;   0.00000;0.03
;;;0.1624;   0.00000;0.03
;;;0.1628;   0.00000;0.03
;;;0.1632;   0.00000;0.03
;;;0.1636;   0.04000;0.0012
;;;0.164;   0.00000;0.03
;;;0.1644;   0.00000;0.03
;;;0.1648;   0.00000;0.03
;;;0.1652;   0.04000;0.0012
;;;0.1656;   0.00000;0.03
;;;0.166;   0.00000;0.03
;;;0.1664;   0.00000;0.03
;;;0.1668;   0.04000;0.0012
;;;0.1672;   0.00000;0.03
;;;0.1676;   0.00000;0.03
;;;0.168;   0.00000;0.03
;;;0.1684;   0.00000;0.03
;;;0.1688;   0.00000;0.03
;;;0.1692;   0.00000;0.03
;;;0.1696;   0.00000;0.03
;;;0.17;   0.04000;0.0012
;;;0.1704;   0.00000;0.03
;;;0.1708;   0.00000;0.03
;;;0.1712;   0.00000;0.03
;;;0.1716;   0.00000;0.03
;;;0.172;   0.00000;0.03
;;;0.1724;   0.00000;0.03
;;;0.1728;   0.00000;0.03
;;;0.1732;   0.04000;0.0012
;;;0.1736;   0.00000;0.03
;;;0.174;   0.00000;0.03
;;;0.1744;   0.00000;0.03
;;;0.1748;   0.00000;0.03
;;;0.1752;   0.04000;0.0012
;;;0.1756;   0.00000;0.03
;;;0.176;   0.00000;0.03
;;;0.1764;   0.00000;0.03
;;;0.1768;   0.00000;0.03
;;;0.1772;   0.00000;0.03
;;;0.1776;   0.00000;0.03
;;;0.178;   0.00000;0.03
;;;0.1784;   0.00000;0.03
;;;0.1788;   0.00000;0.03
;;;0.1792;   0.00000;0.03
;;;0.1796;   0.04000;0.0012
;;;0.18;   0.04000;0.0012
;;;0.1804;   0.00000;0.03
;;;0.1808;   0.00000;0.03
;;;0.1812;   0.00000;0.03
;;;0.1816;   0.00000;0.03
;;;0.182;   0.04000;0.0012
;;;0.1824;   0.00000;0.03
;;;0.1828;   0.04000;0.0012
;;;0.1832;   0.00000;0.03
;;;0.1836;   0.00000;0.03
;;;0.184;   0.00000;0.03
;;;0.1844;   0.04000;0.0012
;;;0.1848;   0.00000;0.03
;;;0.1852;   0.00000;0.03
;;;0.1856;   0.00000;0.03
;;;0.186;   0.00000;0.03
;;;0.1864;   0.00000;0.03
;;;0.1868;   0.00000;0.03
;;;0.1872;   0.00000;0.03
;;;0.1876;   0.00000;0.03
;;;0.188;   0.00000;0.03
;;;0.1884;   0.00000;0.03
;;;0.1888;   0.00000;0.03
;;;0.1892;   0.00000;0.03
;;;0.1896;   0.00000;0.03
;;;0.19;   0.00000;0.03
;;;0.1904;   0.00000;0.03
;;;0.1908;   0.00000;0.03
;;;0.1912;   0.00000;0.03
;;;0.1916;   0.00000;0.03
;;;0.192;   0.00000;0.03
;;;0.1924;   0.00000;0.03
;;;0.1928;   0.00000;0.03
;;;0.1932;   0.00000;0.03
;;;0.1936;   0.00000;0.03
;;;0.194;   0.00000;0.03
;;;0.1944;   0.00000;0.03
;;;0.1948;   0.00000;0.03
;;;0.1952;   0.00000;0.03
;;;0.1956;   0.00000;0.03
;;;0.196;   0.00000;0.03
;;;0.1964;   0.00000;0.03
;;;0.1968;   0.04000;0.0012
;;;0.1972;   0.00000;0.03
;;;0.1976;   0.04000;0.0012
;;;0.198;   0.00000;0.03
;;;0.1984;   0.00000;0.03
;;;0.1988;   0.00000;0.03
;;;0.1992;   0.00000;0.03
;;;0.1996;   0.00000;0.03
;;;0.2;   0.00000;0.03
;;;0.2004;   0.00000;0.03
;;;0.2008;   0.00000;0.03
;;;0.2012;   0.04000;0.0012
;;;0.2016;   0.00000;0.03
;;;0.202;   0.00000;0.03
;;;0.2024;   0.00000;0.03
;;;0.2028;   0.00000;0.03
;;;0.2032;   0.04000;0.0012
;;;0.2036;   0.00000;0.03
;;;0.204;   0.00000;0.03
;;;0.2044;   0.00000;0.03
;;;0.2048;   0.04000;0.0012
;;;0.2052;   0.00000;0.03
;;;0.2056;   0.00000;0.03
;;;0.206;   0.00000;0.03
;;;0.2064;   0.00000;0.03
;;;0.2068;   0.00000;0.03
;;;0.2072;   0.04000;0.0012
;;;0.2076;   0.00000;0.03
;;;0.208;   0.00000;0.03
;;;0.2084;   0.00000;0.03
;;;0.2088;   0.00000;0.03
;;;0.2092;   0.00000;0.03
;;;0.2096;  -0.04000;0.0012
;;;0.21;   0.00000;0.03
;;;0.2104;   0.00000;0.03
;;;0.2108;   0.00000;0.03
;;;0.2112;   0.04000;0.0012
;;;0.2116;   0.00000;0.03
;;;0.212;   0.04000;0.0012
;;;0.2124;   0.04000;0.0012
;;;0.2128;   0.04000;0.0012
;;;0.2132;   0.00000;0.03
;;;0.2136;   0.00000;0.03
;;;0.214;   0.00000;0.03
;;;0.2144;   0.00000;0.03
;;;0.2148;   0.00000;0.03
;;;0.2152;   0.00000;0.03
;;;0.2156;   0.00000;0.03
;;;0.216;   0.00000;0.03
;;;0.2164;   0.00000;0.03
;;;0.2168;   0.00000;0.03
;;;0.2172;   0.00000;0.03
;;;0.2176;   0.00000;0.03
;;;0.218;   0.00000;0.03
;;;0.2184;   0.00000;0.03
;;;0.2188;   0.00000;0.03
;;;0.2192;   0.00000;0.03
;;;0.2196;   0.00000;0.03
;;;0.22;   0.00000;0.03
;;;0.2204;   0.00000;0.03
;;;0.2208;   0.00000;0.03
;;;0.2212;   0.00000;0.03
;;;0.2216;   0.00000;0.03
;;;0.222;   0.00000;0.03
;;;0.2224;   0.00000;0.03
;;;0.2228;   0.04000;0.0012
;;;0.2232;   0.00000;0.03
;;;0.2236;   0.00000;0.03
;;;0.224;   0.00000;0.03
;;;0.2244;   0.04000;0.0012
;;;0.2248;   0.00000;0.03
;;;0.2252;   0.00000;0.03
;;;0.2256;   0.00000;0.03
;;;0.226;   0.00000;0.03
;;;0.2264;   0.04000;0.0012
;;;0.2268;   0.00000;0.03
;;;0.2272;   0.00000;0.03
;;;0.2276;   0.04000;0.0012
;;;0.228;   0.00000;0.03
;;;0.2284;   0.00000;0.03
;;;0.2288;   0.00000;0.03
;;;0.2292;   0.00000;0.03
;;;0.2296;   0.04000;0.0012
;;;0.23;   0.00000;0.03
;;;0.2304;   0.00000;0.03
;;;0.2308;   0.04000;0.0012
;;;0.2312;   0.04000;0.0012
;;;0.2316;   0.00000;0.03
;;;0.232;   0.04000;0.0012
;;;0.2324;   0.00000;0.03
;;;0.2328;   0.00000;0.03
;;;0.2332;   0.04000;0.0012
;;;0.2336;   0.00000;0.03
;;;0.234;   0.04000;0.0012
;;;0.2344;   0.00000;0.03
;;;0.2348;   0.00000;0.03
;;;0.2352;   0.00000;0.03
;;;0.2356;   0.00000;0.03
;;;0.236;   0.04000;0.0012
;;;0.2364;   0.04000;0.0012
;;;0.2368;   0.00000;0.03
;;;0.2372;   0.00000;0.03
;;;0.2376;   0.04000;0.0012
;;;0.238;   0.00000;0.03
;;;0.2384;   0.04000;0.0012
;;;0.2388;   0.00000;0.03
;;;0.2392;   0.00000;0.03
;;;0.2396;   0.04000;0.0012
;;;0.24;   0.00000;0.03
;;;0.2404;   0.00000;0.03
;;;0.2408;   0.04000;0.0012
;;;0.2412;   0.00000;0.03
;;;0.2416;   0.00000;0.03
;;;0.242;   0.04000;0.0012
;;;0.2424;   0.00000;0.03
;;;0.2428;   0.04000;0.0012
;;;0.2432;   0.04000;0.0012
;;;0.2436;   0.04000;0.0012
;;;0.244;   0.04000;0.0012
;;;0.2444;   0.04000;0.0012
;;;0.2448;   0.00000;0.03
;;;0.2452;   0.00000;0.03
;;;0.2456;   0.00000;0.03
;;;0.246;   0.04000;0.0012
;;;0.2464;   0.04000;0.0012
;;;0.2468;   0.04000;0.0012
;;;0.2472;   0.00000;0.03
;;;0.2476;   0.00000;0.03
;;;0.248;   0.04000;0.0012
;;;0.2484;   0.04000;0.0012
;;;0.2488;   0.04000;0.0012
;;;0.2492;   0.04000;0.0012
;;;0.2496;   0.00000;0.03
;;;0.25;   0.04000;0.0012
;;;0.2504;   0.04000;0.0012
;;;0.2508;   0.04000;0.0012
;;;0.2512;   0.04000;0.0012
;;;0.2516;   0.04000;0.0012
;;;0.252;   0.08000;0.0024
;;;0.2524;   0.04000;0.0012
;;;0.2528;   0.04000;0.0012
;;;0.2532;   0.08000;0.0024
;;;0.2536;   0.08000;0.0024
;;;0.254;   0.08000;0.0024
;;;0.2544;   0.04000;0.0012
;;;0.2548;   0.08000;0.0024
;;;0.2552;   0.04000;0.0012
;;;0.2556;   0.04000;0.0012
;;;0.256;   0.08000;0.0024
;;;0.2564;   0.08000;0.0024
;;;0.2568;   0.08000;0.0024
;;;0.2572;   0.08000;0.0024
;;;0.2576;   0.08000;0.0024
;;;0.258;   0.12000;0.0036
;;;0.2584;   0.12000;0.0036
;;;0.2588;   0.08000;0.0024
;;;0.2592;   0.12000;0.0036
;;;0.2596;   0.08000;0.0024
;;;0.26;   0.12000;0.0036
;;;0.2604;   0.12000;0.0036
;;;0.2608;   0.12000;0.0036
;;;0.2612;   0.12000;0.0036
;;;0.2616;   0.12000;0.0036
;;;0.262;   0.12000;0.0036
;;;0.2624;   0.12000;0.0036
;;;0.2628;   0.12000;0.0036
;;;0.2632;   0.16000;0.0048
;;;0.2636;   0.12000;0.0036
;;;0.264;   0.16000;0.0048
;;;0.2644;   0.20000;0.006
;;;0.2648;   0.20000;0.006
;;;0.2652;   0.16000;0.0048
;;;0.2656;   0.20000;0.006
;;;0.266;   0.20000;0.006
;;;0.2664;   0.16000;0.0048
;;;0.2668;   0.20000;0.006
;;;0.2672;   0.20000;0.006
;;;0.2676;   0.24000;0.0072
;;;0.268;   0.20000;0.006
;;;0.2684;   0.24000;0.0072
;;;0.2688;   0.20000;0.006
;;;0.2692;   0.24000;0.0072
;;;0.2696;   0.20000;0.006
;;;0.27;   0.20000;0.006
;;;0.2704;   0.24000;0.0072
;;;0.2708;   0.24000;0.0072
;;;0.2712;   0.16000;0.0048
;;;0.2716;   0.20000;0.006
;;;0.272;   0.20000;0.006
;;;0.2724;   0.20000;0.006
;;;0.2728;   0.16000;0.0048
;;;0.2732;   0.20000;0.006
;;;0.2736;   0.20000;0.006
;;;0.274;   0.16000;0.0048
;;;0.2744;   0.16000;0.0048
;;;0.2748;   0.16000;0.0048
;;;0.2752;   0.16000;0.0048
;;;0.2756;   0.16000;0.0048
;;;0.276;   0.16000;0.0048
;;;0.2764;   0.16000;0.0048
;;;0.2768;   0.16000;0.0048
;;;0.2772;   0.16000;0.0048
;;;0.2776;   0.16000;0.0048
;;;0.278;   0.20000;0.006
;;;0.2784;   0.20000;0.006
;;;0.2788;   0.16000;0.0048
;;;0.2792;   0.16000;0.0048
;;;0.2796;   0.16000;0.0048
;;;0.28;   0.16000;0.0048
;;;0.2804;   0.16000;0.0048
;;;0.2808;   0.16000;0.0048
;;;0.2812;   0.20000;0.006
;;;0.2816;   0.16000;0.0048
;;;0.282;   0.20000;0.006
;;;0.2824;   0.16000;0.0048
;;;0.2828;   0.20000;0.006
;;;0.2832;   0.20000;0.006
;;;0.2836;   0.20000;0.006
;;;0.284;   0.20000;0.006
;;;0.2844;   0.20000;0.006
;;;0.2848;   0.20000;0.006
;;;0.2852;   0.20000;0.006
;;;0.2856;   0.20000;0.006
;;;0.286;   0.24000;0.0072
;;;0.2864;   0.24000;0.0072
;;;0.2868;   0.28000;0.0084
;;;0.2872;   0.24000;0.0072
;;;0.2876;   0.24000;0.0072
;;;0.288;   0.28000;0.0084
;;;0.2884;   0.28000;0.0084
;;;0.2888;   0.28000;0.0084
;;;0.2892;   0.32000;0.0096
;;;0.2896;   0.32000;0.0096
;;;0.29;   0.36000;0.0108
;;;0.2904;   0.36000;0.0108
;;;0.2908;   0.40000;0.012
;;;0.2912;   0.44000;0.0132
;;;0.2916;   0.44000;0.0132
;;;0.292;   0.48000;0.0144
;;;0.2924;   0.44000;0.0132
;;;0.2928;   0.44000;0.0132
;;;0.2932;   0.48000;0.0144
;;;0.2936;   0.56000;0.0168
;;;0.294;   0.56000;0.0168
;;;0.2944;   0.64000;0.0192
;;;0.2948;   0.68000;0.0204
;;;0.2952;   0.72000;0.0216
;;;0.2956;   0.80000;0.024
;;;0.296;   0.84000;0.0252
;;;0.2964;   0.92000;0.0276
;;;0.2968;   0.96000;0.0288
;;;0.2972;   1.08000;0.0324
;;;0.2976;   1.20000;0.036
;;;0.298;   1.36000;0.0408
;;;0.2984;   1.52000;0.0456
;;;0.2988;   1.60000;0.048
;;;0.2992;   1.72000;0.0516
;;;0.2996;   1.76000;0.0528
;;;0.3;   1.88000;0.0564
;;;0.3004;   2.08000;0.0624
;;;0.3008;   2.32000;0.0696
;;;0.3012;   2.60000;0.078
;;;0.3016;   2.84000;0.0852
;;;0.302;   3.00000;0.09
;;;0.3024;   3.12000;0.0936
;;;0.3028;   3.28000;0.0984
;;;0.3032;   3.40000;0.102
;;;0.3036;   3.52000;0.1056
;;;0.304;   3.56000;0.1068
;;;0.3044;   3.64000;0.1092
;;;0.3048;   3.72000;0.1116
;;;0.3052;   3.76000;0.1128
;;;0.3056;   3.76000;0.1128
;;;0.306;   3.68000;0.1104
;;;0.3064;   3.64000;0.1092
;;;0.3068;   3.56000;0.1068
;;;0.3072;   3.52000;0.1056
;;;0.3076;   3.52000;0.1056
;;;0.308;   3.40000;0.102
;;;0.3084;   3.24000;0.0972
;;;0.3088;   3.04000;0.0912
;;;0.3092;   2.88000;0.0864
;;;0.3096;   2.72000;0.0816
;;;0.31;   2.60000;0.078
;;;0.3104;   2.44000;0.0732
;;;0.3108;   2.28000;0.0684
;;;0.3112;   2.12000;0.0636
;;;0.3116;   2.00000;0.06
;;;0.312;   1.92000;0.0576
;;;0.3124;   1.80000;0.054
;;;0.3128;   1.68000;0.0504
;;;0.3132;   1.56000;0.0468
;;;0.3136;   1.44000;0.0432
;;;0.314;   1.28000;0.0384
;;;0.3144;   1.24000;0.0372
;;;0.3148;   1.16000;0.0348
;;;0.3152;   1.12000;0.0336
;;;0.3156;   1.04000;0.0312
;;;0.316;   0.96000;0.0288
;;;0.3164;   0.88000;0.0264
;;;0.3168;   0.80000;0.024
;;;0.3172;   0.80000;0.024
;;;0.3176;   0.76000;0.0228
;;;0.318;   0.72000;0.0216
;;;0.3184;   0.68000;0.0204
;;;0.3188;   0.64000;0.0192
;;;0.3192;   0.60000;0.018
;;;0.3196;   0.56000;0.0168
;;;0.32;   0.56000;0.0168
;;;0.3204;   0.48000;0.0144
;;;0.3208;   0.48000;0.0144
;;;0.3212;   0.44000;0.0132
;;;0.3216;   0.40000;0.012
;;;0.322;   0.40000;0.012
;;;0.3224;   0.44000;0.0132
;;;0.3228;   0.36000;0.0108
;;;0.3232;   0.36000;0.0108
;;;0.3236;   0.36000;0.0108
;;;0.324;   0.32000;0.0096
;;;0.3244;   0.32000;0.0096
;;;0.3248;   0.28000;0.0084
;;;0.3252;   0.28000;0.0084
;;;0.3256;   0.28000;0.0084
;;;0.326;   0.24000;0.0072
;;;0.3264;   0.24000;0.0072
;;;0.3268;   0.20000;0.006
;;;0.3272;   0.24000;0.0072
;;;0.3276;   0.24000;0.0072
;;;0.328;   0.20000;0.006
;;;0.3284;   0.20000;0.006
;;;0.3288;   0.20000;0.006
;;;0.3292;   0.20000;0.006
;;;0.3296;   0.20000;0.006
;;;0.33;   0.20000;0.006
;;;0.3304;   0.16000;0.0048
;;;0.3308;   0.12000;0.0036
;;;0.3312;   0.16000;0.0048
;;;0.3316;   0.16000;0.0048
;;;0.332;   0.12000;0.0036
;;;0.3324;   0.12000;0.0036
;;;0.3328;   0.12000;0.0036
;;;0.3332;   0.12000;0.0036
;;;0.3336;   0.12000;0.0036
;;;0.334;   0.12000;0.0036
;;;0.3344;   0.12000;0.0036
;;;0.3348;   0.12000;0.0036
;;;0.3352;   0.08000;0.0024
;;;0.3356;   0.12000;0.0036
;;;0.336;   0.12000;0.0036
;;;0.3364;   0.08000;0.0024
;;;0.3368;   0.12000;0.0036
;;;0.3372;   0.12000;0.0036
;;;0.3376;   0.12000;0.0036
;;;0.338;   0.08000;0.0024
;;;0.3384;   0.12000;0.0036
;;;0.3388;   0.08000;0.0024
;;;0.3392;   0.12000;0.0036
;;;0.3396;   0.12000;0.0036
;;;0.34;   0.08000;0.0024
;;;0.3404;   0.08000;0.0024
;;;0.3408;   0.08000;0.0024
;;;0.3412;   0.08000;0.0024
;;;0.3416;   0.08000;0.0024
;;;0.342;   0.08000;0.0024
;;;0.3424;   0.08000;0.0024
;;;0.3428;   0.08000;0.0024
;;;0.3432;   0.08000;0.0024
;;;0.3436;   0.08000;0.0024
;;;0.344;   0.04000;0.0012
;;;0.3444;   0.08000;0.0024
;;;0.3448;   0.04000;0.0012
;;;0.3452;   0.08000;0.0024
;;;0.3456;   0.04000;0.0012
;;;0.346;   0.08000;0.0024
;;;0.3464;   0.04000;0.0012
;;;0.3468;   0.08000;0.0024
;;;0.3472;   0.04000;0.0012
;;;0.3476;   0.08000;0.0024
;;;0.348;   0.04000;0.0012
;;;0.3484;   0.04000;0.0012
;;;0.3488;   0.04000;0.0012
;;;0.3492;   0.04000;0.0012
;;;0.3496;   0.08000;0.0024
;;;0.35;   0.04000;0.0012
;;;0.3504;   0.04000;0.0012
;;;0.3508;   0.04000;0.0012
;;;0.3512;   0.04000;0.0012
;;;0.3516;   0.04000;0.0012
;;;0.352;   0.04000;0.0012
;;;0.3524;   0.04000;0.0012
;;;0.3528;   0.04000;0.0012
;;;0.3532;   0.04000;0.0012
;;;0.3536;   0.04000;0.0012
;;;0.354;   0.04000;0.0012
;;;0.3544;   0.00000;0.03
;;;0.3548;   0.04000;0.0012
;;;0.3552;   0.04000;0.0012
;;;0.3556;   0.04000;0.0012
;;;0.356;   0.04000;0.0012
;;;0.3564;   0.04000;0.0012
;;;0.3568;   0.04000;0.0012
;;;0.3572;   0.04000;0.0012
;;;0.3576;   0.04000;0.0012
;;;0.358;   0.04000;0.0012
;;;0.3584;   0.04000;0.0012
;;;0.3588;   0.04000;0.0012
;;;0.3592;   0.04000;0.0012
;;;0.3596;   0.04000;0.0012
;;;0.36;   0.00000;0.03
;;;0.3604;   0.04000;0.0012
;;;0.3608;   0.04000;0.0012
;;;0.3612;   0.04000;0.0012
;;;0.3616;   0.00000;0.03
;;;0.362;   0.04000;0.0012
;;;0.3624;   0.00000;0.03
;;;0.3628;   0.04000;0.0012
;;;0.3632;   0.00000;0.03
;;;0.3636;   0.00000;0.03
;;;0.364;   0.00000;0.03
;;;0.3644;   0.04000;0.0012
;;;0.3648;   0.04000;0.0012
;;;0.3652;   0.00000;0.03
;;;0.3656;   0.00000;0.03
;;;0.366;   0.00000;0.03
;;;0.3664;   0.00000;0.03
;;;0.3668;   0.04000;0.0012
;;;0.3672;   0.00000;0.03
;;;0.3676;   0.00000;0.03
;;;0.368;   0.00000;0.03
;;;0.3684;   0.00000;0.03
;;;0.3688;   0.00000;0.03
;;;0.3692;   0.04000;0.0012
;;;0.3696;   0.00000;0.03
;;;0.37;   0.00000;0.03
;;;0.3704;   0.04000;0.0012
;;;0.3708;   0.04000;0.0012
;;;0.3712;   0.04000;0.0012
;;;0.3716;   0.00000;0.03
;;;0.372;   0.00000;0.03
;;;0.3724;   0.00000;0.03
;;;0.3728;   0.00000;0.03
;;;0.3732;   0.00000;0.03
;;;0.3736;   0.04000;0.0012
;;;0.374;   0.00000;0.03
;;;0.3744;   0.00000;0.03
;;;0.3748;   0.00000;0.03
;;;0.3752;   0.00000;0.03
;;;0.3756;   0.00000;0.03
;;;0.376;   0.00000;0.03
;;;0.3764;   0.04000;0.0012
;;;0.3768;   0.00000;0.03
;;;0.3772;   0.00000;0.03
;;;0.3776;   0.04000;0.0012
;;;0.378;   0.00000;0.03
;;;0.3784;   0.00000;0.03
;;;0.3788;   0.00000;0.03
;;;0.3792;   0.04000;0.0012
;;;0.3796;   0.00000;0.03
;;;0.38;   0.00000;0.03
;;;0.3804;   0.00000;0.03
;;;0.3808;   0.04000;0.0012
;;;0.3812;   0.00000;0.03
;;;0.3816;   0.04000;0.0012
;;;0.382;   0.00000;0.03
;;;0.3824;   0.00000;0.03
;;;0.3828;   0.00000;0.03
;;;0.3832;   0.00000;0.03
;;;0.3836;   0.00000;0.03
;;;0.384;   0.00000;0.03
;;;0.3844;   0.00000;0.03
;;;0.3848;   0.00000;0.03
;;;0.3852;   0.00000;0.03
;;;0.3856;   0.00000;0.03
;;;0.386;   0.00000;0.03
;;;0.3864;   0.00000;0.03
;;;0.3868;   0.00000;0.03
;;;0.3872;   0.00000;0.03
;;;0.3876;   0.00000;0.03
;;;0.388;   0.04000;0.0012
;;;0.3884;   0.00000;0.03
;;;0.3888;   0.00000;0.03
;;;0.3892;   0.00000;0.03
;;;0.3896;   0.00000;0.03
;;;0.39;   0.00000;0.03
;;;0.3904;   0.00000;0.03
;;;0.3908;   0.04000;0.0012
;;;0.3912;   0.00000;0.03
;;;0.3916;   0.00000;0.03
;;;0.392;   0.00000;0.03
;;;0.3924;   0.00000;0.03
;;;0.3928;   0.00000;0.03
;;;0.3932;   0.00000;0.03
;;;0.3936;   0.04000;0.0012
;;;0.394;   0.00000;0.03
;;;0.3944;   0.00000;0.03
;;;0.3948;   0.00000;0.03
;;;0.3952;   0.00000;0.03
;;;0.3956;   0.00000;0.03
;;;0.396;   0.00000;0.03
;;;0.3964;   0.00000;0.03
;;;0.3968;   0.00000;0.03
;;;0.3972;   0.00000;0.03
;;;0.3976;   0.00000;0.03
;;;0.398;   0.00000;0.03
;;;0.3984;   0.00000;0.03
;;;0.3988;   0.00000;0.03
;;;0.3992;   0.00000;0.03
;;;0.3996;   0.00000;0.03
;;;0.4;   0.04000;0.0012
;;;0.4004;   0.00000;0.03
;;;0.4008;   0.00000;0.03
;;;0.4012;   0.00000;0.03
;;;0.4016;   0.00000;0.03
;;;0.402;   0.00000;0.03
;;;0.4024;   0.00000;0.03
;;;0.4028;   0.00000;0.03
;;;0.4032;   0.00000;0.03
;;;0.4036;   0.00000;0.03
;;;0.404;   0.00000;0.03
;;;0.4044;   0.00000;0.03
;;;0.4048;   0.00000;0.03
;;;0.4052;   0.00000;0.03
;;;0.4056;   0.00000;0.03
;;;0.406;   0.00000;0.03
;;;0.4064;   0.00000;0.03
;;;0.4068;   0.00000;0.03
;;;0.4072;   0.00000;0.03
;;;0.4076;   0.00000;0.03
;;;0.408;   0.00000;0.03
;;;0.4084;   0.00000;0.03
;;;0.4088;   0.00000;0.03
;;;0.4092;   0.00000;0.03
;;;0.4096;   0.00000;0.03
;;;0.41;   0.00000;0.03
;;;0.4104;   0.00000;0.03
;;;0.4108;   0.00000;0.03
;;;0.4112;   0.00000;0.03
;;;0.4116;   0.00000;0.03
;;;0.412;   0.00000;0.03
;;;0.4124;   0.00000;0.03
;;;0.4128;   0.00000;0.03
;;;0.4132;   0.00000;0.03
;;;0.4136;   0.00000;0.03
;;;0.414;   0.00000;0.03
;;;0.4144;   0.04000;0.0012
;;;0.4148;   0.00000;0.03
;;;0.4152;   0.00000;0.03
;;;0.4156;   0.00000;0.03
;;;0.416;   0.00000;0.03
;;;0.4164;   0.00000;0.03
;;;0.4168;   0.00000;0.03
;;;0.4172;   0.00000;0.03
;;;0.4176;   0.00000;0.03
;;;0.418;   0.00000;0.03
;;;0.4184;   0.00000;0.03
;;;0.4188;   0.00000;0.03
;;;0.4192;   0.04000;0.0012
;;;0.4196;   0.00000;0.03
;;;0.42;   0.04000;0.0012
;;;0.4204;   0.00000;0.03
;;;0.4208;   0.00000;0.03
;;;0.4212;   0.00000;0.03
;;;0.4216;   0.00000;0.03
;;;0.422;   0.00000;0.03
;;;0.4224;   0.00000;0.03
;;;0.4228;   0.00000;0.03
;;;0.4232;   0.00000;0.03
;;;0.4236;   0.04000;0.0012
;;;0.424;   0.00000;0.03
;;;0.4244;   0.00000;0.03
;;;0.4248;   0.00000;0.03
;;;0.4252;   0.00000;0.03
;;;0.4256;   0.00000;0.03
;;;0.426;   0.04000;0.0012
;;;0.4264;   0.00000;0.03
;;;0.4268;   0.00000;0.03
;;;0.4272;   0.00000;0.03
;;;0.4276;   0.00000;0.03
;;;0.428;   0.00000;0.03
;;;0.4284;   0.00000;0.03
;;;0.4288;   0.00000;0.03
;;;0.4292;   0.00000;0.03
;;;0.4296;   0.00000;0.03
;;;0.43;   0.00000;0.03
;;;0.4304;   0.00000;0.03
;;;0.4308;   0.04000;0.0012
;;;0.4312;   0.04000;0.0012
;;;0.4316;   0.00000;0.03
;;;0.432;   0.00000;0.03
;;;0.4324;   0.00000;0.03
;;;0.4328;   0.00000;0.03
;;;0.4332;   0.00000;0.03
;;;0.4336;   0.00000;0.03
;;;0.434;   0.00000;0.03
;;;0.4344;   0.00000;0.03
;;;0.4348;   0.00000;0.03
;;;0.4352;   0.00000;0.03
;;;0.4356;   0.04000;0.0012
;;;0.436;   0.00000;0.03
;;;0.4364;   0.04000;0.0012
;;;0.4368;   0.00000;0.03
;;;0.4372;   0.00000;0.03
;;;0.4376;   0.04000;0.0012
;;;0.438;   0.00000;0.03
;;;0.4384;   0.00000;0.03
;;;0.4388;   0.04000;0.0012
;;;0.4392;   0.04000;0.0012
;;;0.4396;   0.00000;0.03
;;;0.44;   0.04000;0.0012
;;;0.4404;   0.00000;0.03
;;;0.4408;   0.04000;0.0012
;;;0.4412;   0.04000;0.0012
;;;0.4416;   0.04000;0.0012
;;;0.442;   0.04000;0.0012
;;;0.4424;   0.04000;0.0012
;;;0.4428;   0.00000;0.03
;;;0.4432;   0.00000;0.03
;;;0.4436;   0.04000;0.0012
;;;0.444;   0.04000;0.0012
;;;0.4444;   0.00000;0.03
;;;0.4448;   0.04000;0.0012
;;;0.4452;   0.04000;0.0012
;;;0.4456;   0.04000;0.0012
;;;0.446;   0.04000;0.0012
;;;0.4464;   0.04000;0.0012
;;;0.4468;   0.04000;0.0012
;;;0.4472;   0.04000;0.0012
;;;0.4476;   0.04000;0.0012
;;;0.448;   0.04000;0.0012
;;;0.4484;   0.04000;0.0012
;;;0.4488;   0.00000;0.03
;;;0.4492;   0.04000;0.0012
;;;0.4496;   0.04000;0.0012
;;;0.45;   0.04000;0.0012
;;;0.4504;   0.04000;0.0012
;;;0.4508;   0.04000;0.0012
;;;0.4512;   0.04000;0.0012
;;;0.4516;   0.08000;0.0024
;;;0.452;   0.04000;0.0012
;;;0.4524;   0.04000;0.0012
;;;0.4528;   0.04000;0.0012
;;;0.4532;   0.08000;0.0024
;;;0.4536;   0.04000;0.0012
;;;0.454;   0.04000;0.0012
;;;0.4544;   0.08000;0.0024
;;;0.4548;   0.08000;0.0024
;;;0.4552;   0.08000;0.0024
;;;0.4556;   0.04000;0.0012
;;;0.456;   0.08000;0.0024
;;;0.4564;   0.04000;0.0012
;;;0.4568;   0.08000;0.0024
;;;0.4572;   0.08000;0.0024
;;;0.4576;   0.08000;0.0024
;;;0.458;   0.08000;0.0024
;;;0.4584;   0.08000;0.0024
;;;0.4588;   0.08000;0.0024
;;;0.4592;   0.08000;0.0024
;;;0.4596;   0.12000;0.0036
;;;0.46;   0.12000;0.0036
;;;0.4604;   0.12000;0.0036
;;;0.4608;   0.12000;0.0036
;;;0.4612;   0.12000;0.0036
;;;0.4616;   0.12000;0.0036
;;;0.462;   0.12000;0.0036
;;;0.4624;   0.16000;0.0048
;;;0.4628;   0.16000;0.0048
;;;0.4632;   0.16000;0.0048
;;;0.4636;   0.20000;0.006
;;;0.464;   0.16000;0.0048
;;;0.4644;   0.20000;0.006
;;;0.4648;   0.20000;0.006
;;;0.4652;   0.20000;0.006
;;;0.4656;   0.20000;0.006
;;;0.466;   0.20000;0.006
;;;0.4664;   0.24000;0.0072
;;;0.4668;   0.24000;0.0072
;;;0.4672;   0.20000;0.006
;;;0.4676;   0.24000;0.0072
;;;0.468;   0.24000;0.0072
;;;0.4684;   0.24000;0.0072
;;;0.4688;   0.24000;0.0072
;;;0.4692;   0.24000;0.0072
;;;0.4696;   0.24000;0.0072
;;;0.47;   0.24000;0.0072
;;;0.4704;   0.24000;0.0072
;;;0.4708;   0.20000;0.006
;;;0.4712;   0.16000;0.0048
;;;0.4716;   0.20000;0.006
;;;0.472;   0.20000;0.006
;;;0.4724;   0.24000;0.0072
;;;0.4728;   0.16000;0.0048
;;;0.4732;   0.16000;0.0048
;;;0.4736;   0.20000;0.006
;;;0.474;   0.16000;0.0048
;;;0.4744;   0.16000;0.0048
;;;0.4748;   0.16000;0.0048
;;;0.4752;   0.20000;0.006
;;;0.4756;   0.20000;0.006
;;;0.476;   0.20000;0.006
;;;0.4764;   0.20000;0.006
;;;0.4768;   0.20000;0.006
;;;0.4772;   0.20000;0.006
;;;0.4776;   0.20000;0.006
;;;0.478;   0.20000;0.006
;;;0.4784;   0.20000;0.006
;;;0.4788;   0.20000;0.006
;;;0.4792;   0.20000;0.006
;;;0.4796;   0.20000;0.006
;;;0.48;   0.24000;0.0072
;;;0.4804;   0.24000;0.0072
;;;0.4808;   0.24000;0.0072
;;;0.4812;   0.24000;0.0072
;;;0.4816;   0.24000;0.0072
;;;0.482;   0.24000;0.0072
;;;0.4824;   0.24000;0.0072
;;;0.4828;   0.28000;0.0084
;;;0.4832;   0.28000;0.0084
;;;0.4836;   0.32000;0.0096
;;;0.484;   0.36000;0.0108
;;;0.4844;   0.32000;0.0096
;;;0.4848;   0.36000;0.0108
;;;0.4852;   0.36000;0.0108
;;;0.4856;   0.36000;0.0108
;;;0.486;   0.40000;0.012
;;;0.4864;   0.44000;0.0132
;;;0.4868;   0.48000;0.0144
;;;0.4872;   0.48000;0.0144
;;;0.4876;   0.48000;0.0144
;;;0.488;   0.52000;0.0156
;;;0.4884;   0.56000;0.0168
;;;0.4888;   0.60000;0.018
;;;0.4892;   0.68000;0.0204
;;;0.4896;   0.68000;0.0204
;;;0.49;   0.72000;0.0216
;;;0.4904;   0.84000;0.0252
;;;0.4908;   0.96000;0.0288
;;;0.4912;   1.08000;0.0324
;;;0.4916;   1.16000;0.0348
;;;0.492;   1.24000;0.0372
;;;0.4924;   1.32000;0.0396
;;;0.4928;   1.44000;0.0432
;;;0.4932;   1.56000;0.0468
;;;0.4936;   1.72000;0.0516
;;;0.494;   1.92000;0.0576
;;;0.4944;   2.08000;0.0624
;;;0.4948;   2.28000;0.0684
;;;0.4952;   2.52000;0.0756
;;;0.4956;   2.80000;0.084
;;;0.496;   3.00000;0.09
;;;0.4964;   3.20000;0.096
;;;0.4968;   3.28000;0.0984
;;;0.4972;   3.32000;0.0996
;;;0.4976;   3.48000;0.1044
;;;0.498;   3.60000;0.108
;;;0.4984;   3.68000;0.1104
;;;0.4988;   3.76000;0.1128
;;;0.4992;   3.76000;0.1128
;;;0.4996;   3.76000;0.1128
;;;0.5;   3.72000;0.1116
;;;0.5004;   3.64000;0.1092
;;;0.5008;   3.52000;0.1056
;;;0.5012;   3.44000;0.1032
;;;0.5016;   3.32000;0.0996
;;;0.502;   3.20000;0.096
;;;0.5024;   3.04000;0.0912
;;;0.5028;   2.80000;0.084
;;;0.5032;   2.60000;0.078
;;;0.5036;   2.44000;0.0732
;;;0.504;   2.28000;0.0684
;;;0.5044;   2.16000;0.0648
;;;0.5048;   2.00000;0.06
;;;0.5052;   1.88000;0.0564
;;;0.5056;   1.84000;0.0552
;;;0.506;   1.76000;0.0528
;;;0.5064;   1.56000;0.0468
;;;0.5068;   1.36000;0.0408
;;;0.5072;   1.20000;0.036
;;;0.5076;   1.12000;0.0336
;;;0.508;   1.08000;0.0324
;;;0.5084;   1.08000;0.0324
;;;0.5088;   1.04000;0.0312
;;;0.5092;   0.96000;0.0288
;;;0.5096;   0.84000;0.0252
;;;0.51;   0.80000;0.024
;;;0.5104;   0.72000;0.0216
;;;0.5108;   0.68000;0.0204
;;;0.5112;   0.64000;0.0192
;;;0.5116;   0.56000;0.0168
;;;0.512;   0.52000;0.0156
;;;0.5124;   0.48000;0.0144
;;;0.5128;   0.48000;0.0144
;;;0.5132;   0.48000;0.0144
;;;0.5136;   0.48000;0.0144
;;;0.514;   0.48000;0.0144
;;;0.5144;   0.40000;0.012
;;;0.5148;   0.36000;0.0108
;;;0.5152;   0.32000;0.0096
;;;0.5156;   0.36000;0.0108
;;;0.516;   0.32000;0.0096
;;;0.5164;   0.32000;0.0096
;;;0.5168;   0.32000;0.0096
;;;0.5172;   0.28000;0.0084
;;;0.5176;   0.24000;0.0072
;;;0.518;   0.28000;0.0084
;;;0.5184;   0.24000;0.0072
;;;0.5188;   0.24000;0.0072
;;;0.5192;   0.24000;0.0072
;;;0.5196;   0.20000;0.006
;;;0.52;   0.20000;0.006
;;;0.5204;   0.20000;0.006
;;;0.5208;   0.20000;0.006
;;;0.5212;   0.20000;0.006
;;;0.5216;   0.16000;0.0048
;;;0.522;   0.16000;0.0048
;;;0.5224;   0.16000;0.0048
;;;0.5228;   0.16000;0.0048
;;;0.5232;   0.16000;0.0048
;;;0.5236;   0.12000;0.0036
;;;0.524;   0.16000;0.0048
;;;0.5244;   0.12000;0.0036
;;;0.5248;   0.16000;0.0048
;;;0.5252;   0.12000;0.0036
;;;0.5256;   0.12000;0.0036
;;;0.526;   0.12000;0.0036
;;;0.5264;   0.12000;0.0036
;;;0.5268;   0.08000;0.0024
;;;0.5272;   0.12000;0.0036
;;;0.5276;   0.12000;0.0036
;;;0.528;   0.12000;0.0036
;;;0.5284;   0.08000;0.0024
;;;0.5288;   0.08000;0.0024
;;;0.5292;   0.08000;0.0024
;;;0.5296;   0.08000;0.0024
;;;0.53;   0.08000;0.0024
;;;0.5304;   0.08000;0.0024
;;;0.5308;   0.08000;0.0024
;;;0.5312;   0.04000;0.0012
;;;0.5316;   0.08000;0.0024
;;;0.532;   0.08000;0.0024
;;;0.5324;   0.04000;0.0012
;;;0.5328;   0.08000;0.0024
;;;0.5332;   0.08000;0.0024
;;;0.5336;   0.08000;0.0024
;;;0.534;   0.08000;0.0024
;;;0.5344;   0.08000;0.0024
;;;0.5348;   0.08000;0.0024
;;;0.5352;   0.08000;0.0024
;;;0.5356;   0.08000;0.0024
;;;0.536;   0.08000;0.0024
;;;0.5364;   0.08000;0.0024
;;;0.5368;   0.08000;0.0024
;;;0.5372;   0.04000;0.0012
;;;0.5376;   0.04000;0.0012
;;;0.538;   0.04000;0.0012
;;;0.5384;   0.04000;0.0012
;;;0.5388;   0.04000;0.0012
;;;0.5392;   0.04000;0.0012
;;;0.5396;   0.04000;0.0012
;;;0.54;   0.04000;0.0012
;;;0.5404;   0.04000;0.0012
;;;0.5408;   0.04000;0.0012
;;;0.5412;   0.04000;0.0012
;;;0.5416;   0.04000;0.0012
;;;0.542;   0.04000;0.0012
;;;0.5424;   0.04000;0.0012
;;;0.5428;   0.04000;0.0012
;;;0.5432;   0.04000;0.0012
;;;0.5436;   0.00000;0.03
;;;0.544;   0.04000;0.0012
;;;0.5444;   0.04000;0.0012
;;;0.5448;   0.04000;0.0012
;;;0.5452;   0.04000;0.0012
;;;0.5456;   0.04000;0.0012
;;;0.546;   0.04000;0.0012
;;;0.5464;   0.04000;0.0012
;;;0.5468;   0.04000;0.0012
;;;0.5472;   0.04000;0.0012
;;;0.5476;   0.00000;0.03
;;;0.548;   0.04000;0.0012
;;;0.5484;   0.04000;0.0012
;;;0.5488;   0.04000;0.0012
;;;0.5492;   0.04000;0.0012
;;;0.5496;   0.04000;0.0012
;;;0.55;   0.04000;0.0012
;;;0.5504;   0.00000;0.03
;;;0.5508;   0.04000;0.0012
;;;0.5512;   0.04000;0.0012
;;;0.5516;   0.00000;0.03
;;;0.552;   0.04000;0.0012
;;;0.5524;   0.00000;0.03
;;;0.5528;   0.00000;0.03
;;;0.5532;   0.04000;0.0012
;;;0.5536;   0.04000;0.0012
;;;0.554;   0.00000;0.03
;;;0.5544;   0.00000;0.03
;;;0.5548;   0.00000;0.03
;;;0.5552;   0.00000;0.03
;;;0.5556;   0.00000;0.03
;;;0.556;   0.04000;0.0012
;;;0.5564;   0.00000;0.03
;;;0.5568;   0.00000;0.03
;;;0.5572;   0.04000;0.0012
;;;0.5576;   0.00000;0.03
;;;0.558;   0.00000;0.03
;;;0.5584;   0.00000;0.03
;;;0.5588;   0.00000;0.03
;;;0.5592;   0.00000;0.03
;;;0.5596;   0.00000;0.03
;;;0.56;   0.00000;0.03
;;;0.5604;   0.00000;0.03
;;;0.5608;   0.00000;0.03
;;;0.5612;   0.00000;0.03
;;;0.5616;   0.04000;0.0012
;;;0.562;   0.00000;0.03
;;;0.5624;   0.00000;0.03
;;;0.5628;   0.00000;0.03
;;;0.5632;   0.00000;0.03
;;;0.5636;   0.04000;0.0012
;;;0.564;   0.00000;0.03
;;;0.5644;   0.00000;0.03
;;;0.5648;   0.00000;0.03
;;;0.5652;   0.04000;0.0012
;;;0.5656;   0.00000;0.03
;;;0.566;   0.00000;0.03
;;;0.5664;   0.00000;0.03
;;;0.5668;   0.00000;0.03
;;;0.5672;   0.00000;0.03
;;;0.5676;   0.00000;0.03
;;;0.568;   0.00000;0.03
;;;0.5684;   0.00000;0.03
;;;0.5688;   0.00000;0.03
;;;0.5692;   0.00000;0.03
;;;0.5696;   0.00000;0.03
;;;0.57;   0.00000;0.03
;;;0.5704;   0.00000;0.03
;;;0.5708;   0.00000;0.03
;;;0.5712;   0.00000;0.03
;;;0.5716;   0.00000;0.03
;;;0.572;   0.00000;0.03
;;;0.5724;   0.00000;0.03
;;;0.5728;   0.00000;0.03
;;;0.5732;   0.00000;0.03
;;;0.5736;   0.00000;0.03
;;;0.574;   0.00000;0.03
;;;0.5744;   0.00000;0.03
;;;0.5748;   0.00000;0.03
;;;0.5752;   0.00000;0.03
;;;0.5756;   0.04000;0.0012
;;;0.576;   0.00000;0.03
;;;0.5764;   0.04000;0.0012
;;;0.5768;   0.00000;0.03
;;;0.5772;   0.00000;0.03
;;;0.5776;   0.00000;0.03
;;;0.578;   0.00000;0.03
;;;0.5784;   0.00000;0.03
;;;0.5788;   0.00000;0.03
;;;0.5792;   0.00000;0.03
;;;0.5796;   0.04000;0.0012
;;;0.58;   0.00000;0.03
;;;0.5804;   0.00000;0.03
;;;0.5808;   0.00000;0.03
;;;0.5812;   0.04000;0.0012
;;;0.5816;   0.00000;0.03
;;;0.582;   0.00000;0.03
;;;0.5824;   0.00000;0.03
;;;0.5828;   0.00000;0.03
;;;0.5832;   0.00000;0.03
;;;0.5836;   0.00000;0.03
;;;0.584;   0.00000;0.03
;;;0.5844;   0.00000;0.03
;;;0.5848;   0.00000;0.03
;;;0.5852;   0.00000;0.03
;;;0.5856;   0.00000;0.03
;;;0.586;   0.00000;0.03
;;;0.5864;   0.00000;0.03
;;;0.5868;   0.00000;0.03
;;;0.5872;   0.00000;0.03
;;;0.5876;   0.00000;0.03
;;;0.588;   0.00000;0.03
;;;0.5884;   0.00000;0.03
;;;0.5888;   0.00000;0.03
;;;0.5892;   0.00000;0.03
;;;0.5896;   0.00000;0.03
;;;0.59;   0.00000;0.03
;;;0.5904;   0.00000;0.03
;;;0.5908;   0.00000;0.03
;;;0.5912;   0.00000;0.03
;;;0.5916;   0.00000;0.03
;;;0.592;   0.00000;0.03
;;;0.5924;   0.00000;0.03
;;;0.5928;   0.00000;0.03
;;;0.5932;   0.00000;0.03
;;;0.5936;   0.00000;0.03
;;;0.594;   0.00000;0.03
;;;0.5944;   0.00000;0.03
;;;0.5948;   0.00000;0.03
;;;0.5952;   0.00000;0.03
;;;0.5956;   0.00000;0.03
;;;0.596;   0.00000;0.03
;;;0.5964;   0.00000;0.03
;;;0.5968;   0.00000;0.03
;;;0.5972;   0.00000;0.03
;;;0.5976;   0.00000;0.03
;;;0.598;   0.00000;0.03
;;;0.5984;   0.04000;0.0012
;;;0.5988;   0.00000;0.03
;;;0.5992;   0.00000;0.03
;;;0.5996;   0.00000;0.03
;;;0.6;   0.00000;0.03
;;;0.6004;   0.00000;0.03
;;;0.6008;   0.00000;0.03
;;;0.6012;   0.00000;0.03
;;;0.6016;   0.00000;0.03
;;;0.602;   0.00000;0.03
;;;0.6024;   0.04000;0.0012
;;;0.6028;   0.00000;0.03
;;;0.6032;   0.04000;0.0012
;;;0.6036;   0.00000;0.03
;;;0.604;   0.00000;0.03
;;;0.6044;   0.04000;0.0012
;;;0.6048;   0.00000;0.03
;;;0.6052;   0.00000;0.03
;;;0.6056;   0.04000;0.0012
;;;0.606;   0.00000;0.03
;;;0.6064;   0.00000;0.03
;;;0.6068;   0.00000;0.03
;;;0.6072;   0.04000;0.0012
;;;0.6076;   0.00000;0.03
;;;0.608;   0.04000;0.0012
;;;0.6084;   0.00000;0.03
;;;0.6088;   0.00000;0.03
;;;0.6092;   0.00000;0.03
;;;0.6096;   0.00000;0.03
;;;0.61;   0.04000;0.0012
;;;0.6104;   0.04000;0.0012
;;;0.6108;   0.00000;0.03
;;;0.6112;   0.00000;0.03
;;;0.6116;   0.00000;0.03
;;;0.612;   0.00000;0.03
;;;0.6124;   0.00000;0.03
;;;0.6128;  -0.04000;0.0012
;;;0.6132;   0.00000;0.03
;;;0.6136;   0.04000;0.0012
;;;0.614;   0.04000;0.0012
;;;0.6144;   0.00000;0.03
;;;0.6148;   0.00000;0.03
;;;0.6152;   0.00000;0.03
;;;0.6156;   0.00000;0.03
;;;0.616;   0.00000;0.03
;;;0.6164;   0.00000;0.03
;;;0.6168;   0.00000;0.03
;;;0.6172;   0.00000;0.03
;;;0.6176;   0.00000;0.03
;;;0.618;   0.00000;0.03
;;;0.6184;   0.00000;0.03
;;;0.6188;   0.00000;0.03
;;;0.6192;   0.00000;0.03
;;;0.6196;   0.00000;0.03
;;;0.62;   0.00000;0.03
;;;0.6204;   0.00000;0.03
;;;0.6208;   0.00000;0.03
;;;0.6212;   0.04000;0.0012
;;;0.6216;   0.00000;0.03
;;;0.622;   0.00000;0.03
;;;0.6224;   0.04000;0.0012
;;;0.6228;   0.04000;0.0012
;;;0.6232;   0.00000;0.03
;;;0.6236;   0.00000;0.03
;;;0.624;   0.04000;0.0012
;;;0.6244;   0.04000;0.0012
;;;0.6248;   0.04000;0.0012
;;;0.6252;   0.04000;0.0012
;;;0.6256;   0.04000;0.0012
;;;0.626;   0.00000;0.03
;;;0.6264;   0.00000;0.03
;;;0.6268;   0.04000;0.0012
;;;0.6272;   0.04000;0.0012
;;;0.6276;   0.04000;0.0012
;;;0.628;   0.00000;0.03
;;;0.6284;   0.00000;0.03
;;;0.6288;   0.00000;0.03
;;;0.6292;   0.04000;0.0012
;;;0.6296;   0.04000;0.0012
;;;0.63;   0.04000;0.0012
;;;0.6304;   0.04000;0.0012
;;;0.6308;   0.04000;0.0012
;;;0.6312;   0.04000;0.0012
;;;0.6316;   0.04000;0.0012
;;;0.632;   0.04000;0.0012
;;;0.6324;   0.04000;0.0012
;;;0.6328;   0.04000;0.0012
;;;0.6332;   0.04000;0.0012
;;;0.6336;   0.04000;0.0012
;;;0.634;   0.04000;0.0012
;;;0.6344;   0.04000;0.0012
;;;0.6348;   0.04000;0.0012
;;;0.6352;   0.04000;0.0012
;;;0.6356;   0.04000;0.0012
;;;0.636;   0.04000;0.0012
;;;0.6364;   0.08000;0.0024
;;;0.6368;   0.08000;0.0024
;;;0.6372;   0.04000;0.0012
;;;0.6376;   0.08000;0.0024
;;;0.638;   0.08000;0.0024
;;;0.6384;   0.04000;0.0012
;;;0.6388;   0.08000;0.0024
;;;0.6392;   0.12000;0.0036
;;;0.6396;   0.12000;0.0036
;;;0.64;   0.12000;0.0036
;;;0.6404;   0.08000;0.0024
;;;0.6408;   0.12000;0.0036
;;;0.6412;   0.12000;0.0036
;;;0.6416;   0.12000;0.0036
;;;0.642;   0.12000;0.0036
;;;0.6424;   0.12000;0.0036
;;;0.6428;   0.12000;0.0036
;;;0.6432;   0.16000;0.0048
;;;0.6436;   0.20000;0.006
;;;0.644;   0.20000;0.006
;;;0.6444;   0.20000;0.006
;;;0.6448;   0.16000;0.0048
;;;0.6452;   0.16000;0.0048
;;;0.6456;   0.16000;0.0048
;;;0.646;   0.16000;0.0048
;;;0.6464;   0.20000;0.006
;;;0.6468;   0.20000;0.006
;;;0.6472;   0.20000;0.006
;;;0.6476;   0.24000;0.0072
;;;0.648;   0.24000;0.0072
;;;0.6484;   0.24000;0.0072
;;;0.6488;   0.24000;0.0072
;;;0.6492;   0.20000;0.006
;;;0.6496;   0.24000;0.0072
;;;0.65;   0.24000;0.0072
;;;0.6504;   0.24000;0.0072
;;;0.6508;   0.24000;0.0072
;;;0.6512;   0.24000;0.0072
;;;0.6516;   0.24000;0.0072
;;;0.652;   0.20000;0.006
;;;0.6524;   0.20000;0.006
;;;0.6528;   0.16000;0.0048
;;;0.6532;   0.20000;0.006
;;;0.6536;   0.20000;0.006
;;;0.654;   0.20000;0.006
;;;0.6544;   0.20000;0.006
;;;0.6548;   0.20000;0.006
;;;0.6552;   0.20000;0.006
;;;0.6556;   0.20000;0.006
;;;0.656;   0.20000;0.006
;;;0.6564;   0.20000;0.006
;;;0.6568;   0.20000;0.006
;;;0.6572;   0.20000;0.006
;;;0.6576;   0.20000;0.006
;;;0.658;   0.20000;0.006
;;;0.6584;   0.20000;0.006
;;;0.6588;   0.20000;0.006
;;;0.6592;   0.24000;0.0072
;;;0.6596;   0.24000;0.0072
;;;0.66;   0.28000;0.0084
;;;0.6604;   0.24000;0.0072
;;;0.6608;   0.28000;0.0084
;;;0.6612;   0.28000;0.0084
;;;0.6616;   0.28000;0.0084
;;;0.662;   0.28000;0.0084
;;;0.6624;   0.32000;0.0096
;;;0.6628;   0.36000;0.0108
;;;0.6632;   0.36000;0.0108
;;;0.6636;   0.40000;0.012
;;;0.664;   0.44000;0.0132
;;;0.6644;   0.48000;0.0144
;;;0.6648;   0.44000;0.0132
;;;0.6652;   0.44000;0.0132
;;;0.6656;   0.48000;0.0144
;;;0.666;   0.48000;0.0144
;;;0.6664;   0.56000;0.0168
;;;0.6668;   0.60000;0.018
;;;0.6672;   0.64000;0.0192
;;;0.6676;   0.72000;0.0216
;;;0.668;   0.92000;0.0276
;;;0.6684;   1.12000;0.0336
;;;0.6688;   1.24000;0.0372
;;;0.6692;   1.32000;0.0396
;;;0.6696;   1.24000;0.0372
;;;0.67;   1.20000;0.036
;;;0.6704;   1.12000;0.0336
;;;0.6708;   1.24000;0.0372
;;;0.6712;   1.48000;0.0444
;;;0.6716;   1.92000;0.0576
;;;0.672;   2.48000;0.0744
;;;0.6724;   3.00000;0.09
;;;0.6728;   3.40000;0.102
;;;0.6732;   3.56000;0.1068
;;;0.6736;   3.48000;0.1044
;;;0.674;   3.24000;0.0972
;;;0.6744;   3.00000;0.09
;;;0.6748;   3.04000;0.0912
;;;0.6752;   3.36000;0.1008
;;;0.6756;   3.68000;0.1104
;;;0.676;   3.76000;0.1128
;;;0.6764;   3.68000;0.1104
;;;0.6768;   3.56000;0.1068
;;;0.6772;   3.44000;0.1032
;;;0.6776;   3.40000;0.102
;;;0.678;   3.40000;0.102
;;;0.6784;   3.48000;0.1044
;;;0.6788;   3.44000;0.1032
;;;0.6792;   3.28000;0.0984
;;;0.6796;   2.88000;0.0864
;;;0.68;   2.44000;0.0732
;;;0.6804;   2.16000;0.0648
;;;0.6808;   2.12000;0.0636
;;;0.6812;   2.12000;0.0636
;;;0.6816;   2.04000;0.0612
;;;0.682;   1.84000;0.0552
;;;0.6824;   1.60000;0.048
;;;0.6828;   1.48000;0.0444
;;;0.6832;   1.28000;0.0384
;;;0.6836;   1.24000;0.0372
;;;0.684;   1.20000;0.036
;;;0.6844;   1.16000;0.0348
;;;0.6848;   1.08000;0.0324
;;;0.6852;   1.00000;0.03
;;;0.6856;   0.92000;0.0276
;;;0.686;   0.80000;0.024
;;;0.6864;   0.68000;0.0204
;;;0.6868;   0.60000;0.018
;;;0.6872;   0.60000;0.018
;;;0.6876;   0.56000;0.0168
;;;0.688;   0.56000;0.0168
;;;0.6884;   0.56000;0.0168
;;;0.6888;   0.52000;0.0156
;;;0.6892;   0.44000;0.0132
;;;0.6896;   0.40000;0.012
;;;0.69;   0.40000;0.012
;;;0.6904;   0.40000;0.012
;;;0.6908;   0.36000;0.0108
;;;0.6912;   0.36000;0.0108
;;;0.6916;   0.36000;0.0108
;;;0.692;   0.32000;0.0096
;;;0.6924;   0.28000;0.0084
;;;0.6928;   0.24000;0.0072
;;;0.6932;   0.24000;0.0072
;;;0.6936;   0.28000;0.0084
;;;0.694;   0.32000;0.0096
;;;0.6944;   0.32000;0.0096
;;;0.6948;   0.36000;0.0108
;;;0.6952;   0.40000;0.012
;;;0.6956;   0.44000;0.0132
;;;0.696;   0.48000;0.0144
;;;0.6964;   0.44000;0.0132
;;;0.6968;   0.36000;0.0108
;;;0.6972;   0.32000;0.0096
;;;0.6976;   0.36000;0.0108
;;;0.698;   0.40000;0.012
;;;0.6984;   0.44000;0.0132
;;;0.6988;   0.56000;0.0168
;;;0.6992;   0.60000;0.018
;;;0.6996;   0.68000;0.0204
;;;0.7;   0.68000;0.0204
;;;0.7004;   0.64000;0.0192
;;;0.7008;   0.60000;0.018
;;;0.7012;   0.60000;0.018
;;;0.7016;   0.60000;0.018
;;;0.702;   0.64000;0.0192
;;;0.7024;   0.68000;0.0204
;;;0.7028;   0.80000;0.024
;;;0.7032;   0.88000;0.0264
;;;0.7036;   0.92000;0.0276
;;;0.704;   0.96000;0.0288
;;;0.7044;   1.04000;0.0312
;;;0.7048;   1.16000;0.0348
;;;0.7052;   1.24000;0.0372
;;;0.7056;   1.24000;0.0372
;;;0.706;   1.20000;0.036
;;;0.7064;   1.16000;0.0348
;;;0.7068;   1.20000;0.036
;;;0.7072;   1.28000;0.0384
;;;0.7076;   1.44000;0.0432
;;;0.708;   1.68000;0.0504
;;;0.7084;   1.88000;0.0564
;;;0.7088;   2.08000;0.0624
;;;0.7092;   2.16000;0.0648
;;;0.7096;   2.16000;0.0648
;;;0.71;   2.16000;0.0648
;;;0.7104;   2.20000;0.066
;;;0.7108;   2.28000;0.0684
;;;0.7112;   2.36000;0.0708
;;;0.7116;   2.56000;0.0768
;;;0.712;   2.76000;0.0828
;;;0.7124;   3.04000;0.0912
;;;0.7128;   3.28000;0.0984
;;;0.7132;   3.40000;0.102
;;;0.7136;   3.40000;0.102
;;;0.714;   3.40000;0.102
;;;0.7144;   3.36000;0.1008
;;;0.7148;   3.48000;0.1044
;;;0.7152;   3.64000;0.1092
;;;0.7156;   3.76000;0.1128
;;;0.716;   3.80000;0.114
;;;0.7164;   3.88000;0.1164
;;;0.7168;   3.80000;0.114
;;;0.7172;   3.72000;0.1116
;;;0.7176;   3.72000;0.1116
;;;0.718;   3.72000;0.1116
;;;0.7184;   3.76000;0.1128
;;;0.7188;   3.68000;0.1104
;;;0.7192;   3.60000;0.108
;;;0.7196;   3.28000;0.0984
;;;0.72;   3.04000;0.0912
;;;0.7204;   2.80000;0.084
;;;0.7208;   2.72000;0.0816
;;;0.7212;   2.60000;0.078
;;;0.7216;   2.40000;0.072
;;;0.722;   2.20000;0.066
;;;0.7224;   2.04000;0.0612
;;;0.7228;   2.04000;0.0612
;;;0.7232;   2.00000;0.06
;;;0.7236;   2.00000;0.06
;;;0.724;   1.80000;0.054
;;;0.7244;   1.56000;0.0468
;;;0.7248;   1.28000;0.0384
;;;0.7252;   1.04000;0.0312
;;;0.7256;   0.92000;0.0276
;;;0.726;   0.88000;0.0264
;;;0.7264;   0.88000;0.0264
;;;0.7268;   0.96000;0.0288
;;;0.7272;   0.96000;0.0288
;;;0.7276;   0.92000;0.0276
;;;0.728;   0.84000;0.0252
;;;0.7284;   0.76000;0.0228
;;;0.7288;   0.68000;0.0204
;;;0.7292;   0.56000;0.0168
;;;0.7296;   0.48000;0.0144
;;;0.73;   0.44000;0.0132
;;;0.7304;   0.44000;0.0132
;;;0.7308;   0.48000;0.0144
;;;0.7312;   0.48000;0.0144
;;;0.7316;   0.56000;0.0168
;;;0.732;   0.52000;0.0156
;;;0.7324;   0.44000;0.0132
;;;0.7328;   0.40000;0.012
;;;0.7332;   0.36000;0.0108
;;;0.7336;   0.32000;0.0096
;;;0.734;   0.36000;0.0108
;;;0.7344;   0.32000;0.0096
;;;0.7348;   0.32000;0.0096
;;;0.7352;   0.32000;0.0096
;;;0.7356;   0.32000;0.0096
;;;0.736;   0.32000;0.0096
;;;0.7364;   0.28000;0.0084
;;;0.7368;   0.28000;0.0084
;;;0.7372;   0.24000;0.0072
;;;0.7376;   0.24000;0.0072
;;;0.738;   0.24000;0.0072
;;;0.7384;   0.24000;0.0072
;;;0.7388;   0.20000;0.006
;;;0.7392;   0.24000;0.0072
;;;0.7396;   0.24000;0.0072
;;;0.74;   0.24000;0.0072
;;;0.7404;   0.20000;0.006
;;;0.7408;   0.24000;0.0072
;;;0.7412;   0.24000;0.0072
;;;0.7416;   0.24000;0.0072
;;;0.742;   0.20000;0.006
;;;0.7424;   0.20000;0.006
;;;0.7428;   0.20000;0.006
;;;0.7432;   0.20000;0.006
;;;0.7436;   0.20000;0.006
;;;0.744;   0.20000;0.006
;;;0.7444;   0.20000;0.006
;;;0.7448;   0.20000;0.006
;;;0.7452;   0.20000;0.006
;;;0.7456;   0.16000;0.0048
;;;0.746;   0.20000;0.006
;;;0.7464;   0.16000;0.0048
;;;0.7468;   0.20000;0.006
;;;0.7472;   0.20000;0.006
;;;0.7476;   0.24000;0.0072
;;;0.748;   0.20000;0.006
;;;0.7484;   0.20000;0.006
;;;0.7488;   0.20000;0.006
;;;0.7492;   0.20000;0.006
;;;0.7496;   0.24000;0.0072
;;;0.75;   0.20000;0.006
;;;0.7504;   0.24000;0.0072
;;;0.7508;   0.24000;0.0072
;;;0.7512;   0.20000;0.006
;;;0.7516;   0.24000;0.0072
;;;0.752;   0.20000;0.006
;;;0.7524;   0.24000;0.0072
;;;0.7528;   0.24000;0.0072
;;;0.7532;   0.24000;0.0072
;;;0.7536;   0.20000;0.006
;;;0.754;   0.24000;0.0072
;;;0.7544;   0.20000;0.006
;;;0.7548;   0.20000;0.006
;;;0.7552;   0.20000;0.006
;;;0.7556;   0.20000;0.006
;;;0.756;   0.20000;0.006
;;;0.7564;   0.16000;0.0048
;;;0.7568;   0.20000;0.006
;;;0.7572;   0.20000;0.006
;;;0.7576;   0.20000;0.006
;;;0.758;   0.16000;0.0048
;;;0.7584;   0.16000;0.0048
;;;0.7588;   0.16000;0.0048
;;;0.7592;   0.12000;0.0036
;;;0.7596;   0.12000;0.0036
;;;0.76;   0.12000;0.0036
;;;0.7604;   0.16000;0.0048
;;;0.7608;   0.12000;0.0036
;;;0.7612;   0.12000;0.0036
;;;0.7616;   0.12000;0.0036
;;;0.762;   0.12000;0.0036
;;;0.7624;   0.12000;0.0036
;;;0.7628;   0.12000;0.0036
;;;0.7632;   0.08000;0.0024
;;;0.7636;   0.12000;0.0036
;;;0.764;   0.08000;0.0024
;;;0.7644;   0.08000;0.0024
;;;0.7648;   0.04000;0.0012
;;;0.7652;   0.08000;0.0024
;;;0.7656;   0.08000;0.0024
;;;0.766;   0.08000;0.0024
;;;0.7664;   0.08000;0.0024
;;;0.7668;   0.08000;0.0024
;;;0.7672;   0.08000;0.0024
;;;0.7676;   0.04000;0.0012
;;;0.768;   0.04000;0.0012
;;;0.7684;   0.04000;0.0012
;;;0.7688;   0.08000;0.0024
;;;0.7692;   0.04000;0.0012
;;;0.7696;   0.08000;0.0024
;;;0.77;   0.08000;0.0024
;;;0.7704;   0.04000;0.0012
;;;0.7708;   0.04000;0.0012
;;;0.7712;   0.04000;0.0012
;;;0.7716;   0.04000;0.0012
;;;0.772;   0.04000;0.0012
;;;0.7724;   0.04000;0.0012
;;;0.7728;   0.00000;0.03
;;;0.7732;   0.08000;0.0024
;;;0.7736;   0.04000;0.0012
;;;0.774;   0.04000;0.0012
;;;0.7744;   0.04000;0.0012
;;;0.7748;   0.04000;0.0012
;;;0.7752;   0.04000;0.0012
;;;0.7756;   0.04000;0.0012
;;;0.776;   0.04000;0.0012
;;;0.7764;   0.04000;0.0012
;;;0.7768;   0.04000;0.0012
;;;0.7772;   0.04000;0.0012
;;;0.7776;   0.04000;0.0012
;;;0.778;   0.04000;0.0012
;;;0.7784;   0.04000;0.0012
;;;0.7788;   0.04000;0.0012
;;;0.7792;   0.04000;0.0012
;;;0.7796;   0.04000;0.0012
;;;0.78;   0.00000;0.03
;;;0.7804;   0.04000;0.0012
;;;0.7808;   0.04000;0.0012
;;;0.7812;   0.00000;0.03
;;;0.7816;   0.04000;0.0012
;;;0.782;   0.04000;0.0012
;;;0.7824;   0.00000;0.03
;;;0.7828;   0.04000;0.0012
;;;0.7832;   0.00000;0.03
;;;0.7836;   0.04000;0.0012
;;;0.784;   0.04000;0.0012
;;;0.7844;   0.00000;0.03
;;;0.7848;   0.04000;0.0012
;;;0.7852;   0.04000;0.0012
;;;0.7856;   0.04000;0.0012
;;;0.786;   0.00000;0.03
;;;0.7864;   0.04000;0.0012
;;;0.7868;   0.00000;0.03
;;;0.7872;   0.00000;0.03
;;;0.7876;   0.04000;0.0012
;;;0.788;   0.00000;0.03
;;;0.7884;   0.00000;0.03
;;;0.7888;   0.04000;0.0012
;;;0.7892;   0.04000;0.0012
;;;0.7896;   0.04000;0.0012
;;;0.79;   0.04000;0.0012
;;;0.7904;   0.04000;0.0012
;;;0.7908;   0.00000;0.03
;;;0.7912;   0.00000;0.03
;;;0.7916;   0.00000;0.03
;;;0.792;   0.04000;0.0012
;;;0.7924;   0.00000;0.03
;;;0.7928;   0.00000;0.03
;;;0.7932;   0.00000;0.03
;;;0.7936;   0.00000;0.03
;;;0.794;   0.00000;0.03
;;;0.7944;   0.00000;0.03
;;;0.7948;   0.04000;0.0012
;;;0.7952;   0.00000;0.03
;;;0.7956;   0.00000;0.03
;;;0.796;   0.00000;0.03
;;;0.7964;   0.00000;0.03
;;;0.7968;   0.00000;0.03
;;;0.7972;   0.00000;0.03
;;;0.7976;   0.00000;0.03
;;;0.798;   0.04000;0.0012
;;;0.7984;   0.00000;0.03
;;;0.7988;   0.04000;0.0012
;;;0.7992;   0.00000;0.03
;;;0.7996;   0.00000;0.03
;;;0.8;   0.00000;0.03
;;;0.8004;   0.00000;0.03
;;;0.8008;   0.00000;0.03
;;;0.8012;   0.04000;0.0012
;;;0.8016;   0.00000;0.03
;;;0.802;   0.00000;0.03
;;;0.8024;   0.04000;0.0012
;;;0.8028;   0.00000;0.03
;;;0.8032;   0.04000;0.0012
;;;0.8036;   0.00000;0.03
;;;0.804;   0.00000;0.03
;;;0.8044;   0.04000;0.0012
;;;0.8048;   0.00000;0.03
;;;0.8052;   0.00000;0.03
;;;0.8056;   0.00000;0.03
;;;0.806;   0.00000;0.03
;;;0.8064;   0.04000;0.0012
;;;0.8068;   0.00000;0.03
;;;0.8072;   0.00000;0.03
;;;0.8076;   0.00000;0.03
;;;0.808;   0.04000;0.0012
;;;0.8084;   0.00000;0.03
;;;0.8088;   0.00000;0.03
;;;0.8092;   0.00000;0.03
;;;0.8096;   0.00000;0.03
;;;0.81;   0.00000;0.03
;;;0.8104;   0.04000;0.0012
;;;0.8108;   0.04000;0.0012
;;;0.8112;   0.00000;0.03
;;;0.8116;   0.00000;0.03
;;;0.812;   0.04000;0.0012
;;;0.8124;   0.00000;0.03
;;;0.8128;   0.00000;0.03
;;;0.8132;   0.00000;0.03
;;;0.8136;   0.00000;0.03
;;;0.814;   0.00000;0.03
;;;0.8144;   0.00000;0.03
;;;0.8148;   0.00000;0.03
;;;0.8152;   0.00000;0.03
;;;0.8156;   0.00000;0.03
;;;0.816;   0.04000;0.0012
;;;0.8164;   0.04000;0.0012
;;;0.8168;   0.00000;0.03
;;;0.8172;   0.00000;0.03
;;;0.8176;   0.00000;0.03
;;;0.818;   0.00000;0.03
;;;0.8184;   0.00000;0.03
;;;0.8188;   0.00000;0.03
;;;0.8192;   0.00000;0.03
;;;0.8196;   0.00000;0.03
;;;0.82;   0.00000;0.03
;;;0.8204;   0.00000;0.03
;;;0.8208;   0.00000;0.03
;;;0.8212;   0.00000;0.03
;;;0.8216;   0.00000;0.03
;;;0.822;   0.00000;0.03
;;;0.8224;   0.00000;0.03
;;;0.8228;   0.00000;0.03
;;;0.8232;   0.00000;0.03
;;;0.8236;   0.00000;0.03
;;;0.824;   0.00000;0.03
;;;0.8244;   0.00000;0.03
;;;0.8248;   0.00000;0.03
;;;0.8252;   0.00000;0.03
;;;0.8256;   0.00000;0.03
;;;0.826;   0.00000;0.03
;;;0.8264;   0.00000;0.03
;;;0.8268;   0.00000;0.03
;;;0.8272;   0.00000;0.03
;;;0.8276;   0.00000;0.03
;;;0.828;   0.00000;0.03
;;;0.8284;   0.00000;0.03
;;;0.8288;   0.00000;0.03
;;;0.8292;   0.00000;0.03
;;;0.8296;   0.00000;0.03
;;;0.83;   0.00000;0.03
;;;0.8304;   0.00000;0.03
;;;0.8308;   0.00000;0.03
;;;0.8312;   0.00000;0.03
;;;0.8316;   0.00000;0.03
;;;0.832;   0.00000;0.03
;;;0.8324;   0.00000;0.03
;;;0.8328;   0.00000;0.03
;;;0.8332;  -0.04000;0.0012
;;;0.8336;   0.00000;0.03
;;;0.834;   0.00000;0.03
;;;0.8344;   0.00000;0.03
;;;0.8348;   0.00000;0.03
;;;0.8352;   0.00000;0.03
;;;0.8356;   0.00000;0.03
;;;0.836;   0.00000;0.03
;;;0.8364;   0.00000;0.03
;;;0.8368;   0.00000;0.03
;;;0.8372;   0.00000;0.03
;;;0.8376;   0.04000;0.0012
;;;0.838;   0.00000;0.03
;;;0.8384;   0.00000;0.03
;;;0.8388;   0.04000;0.0012
;;;0.8392;   0.00000;0.03
;;;0.8396;   0.00000;0.03
;;;0.84;   0.00000;0.03
;;;0.8404;   0.00000;0.03
;;;0.8408;   0.00000;0.03
;;;0.8412;   0.00000;0.03
;;;0.8416;   0.00000;0.03
;;;0.842;   0.00000;0.03
;;;0.8424;   0.00000;0.03
;;;0.8428;   0.00000;0.03
;;;0.8432;   0.00000;0.03
;;;0.8436;   0.04000;0.0012
;;;0.844;   0.00000;0.03
;;;0.8444;   0.00000;0.03
;;;0.8448;   0.00000;0.03
;;;0.8452;   0.00000;0.03
;;;0.8456;   0.04000;0.0012
;;;0.846;   0.00000;0.03
;;;0.8464;   0.00000;0.03
;;;0.8468;   0.00000;0.03
;;;0.8472;   0.00000;0.03
;;;0.8476;   0.00000;0.03
;;;0.848;   0.00000;0.03
;;;0.8484;   0.04000;0.0012
;;;0.8488;   0.00000;0.03
;;;0.8492;   0.00000;0.03
;;;0.8496;   0.00000;0.03
;;;0.85;   0.00000;0.03
;;;0.8504;   0.00000;0.03
;;;0.8508;   0.00000;0.03
;;;0.8512;   0.00000;0.03
;;;0.8516;   0.00000;0.03
;;;0.852;   0.00000;0.03
;;;0.8524;   0.04000;0.0012
;;;0.8528;   0.00000;0.03
;;;0.8532;   0.00000;0.03
;;;0.8536;   0.04000;0.0012
;;;0.854;   0.00000;0.03
;;;0.8544;   0.00000;0.03
;;;0.8548;   0.00000;0.03
;;;0.8552;   0.00000;0.03
;;;0.8556;   0.04000;0.0012
;;;0.856;   0.04000;0.0012
;;;0.8564;   0.00000;0.03
;;;0.8568;   0.00000;0.03
;;;0.8572;   0.00000;0.03
;;;0.8576;   0.00000;0.03
;;;0.858;   0.04000;0.0012
;;;0.8584;   0.04000;0.0012
;;;0.8588;   0.00000;0.03
;;;0.8592;   0.00000;0.03
;;;0.8596;   0.00000;0.03
;;;0.86;   0.00000;0.03
;;;0.8604;   0.00000;0.03
;;;0.8608;   0.04000;0.0012
;;;0.8612;   0.00000;0.03
;;;0.8616;   0.00000;0.03
;;;0.862;   0.00000;0.03
;;;0.8624;   0.04000;0.0012
;;;0.8628;   0.00000;0.03
;;;0.8632;   0.00000;0.03
;;;0.8636;   0.00000;0.03
;;;0.864;   0.00000;0.03
;;;0.8644;   0.00000;0.03
;;;0.8648;   0.00000;0.03
;;;0.8652;   0.00000;0.03
;;;0.8656;   0.04000;0.0012
;;;0.866;   0.00000;0.03
;;;0.8664;   0.04000;0.0012
;;;0.8668;   0.00000;0.03
;;;0.8672;   0.00000;0.03
;;;0.8676;   0.00000;0.03
;;;0.868;   0.00000;0.03
;;;0.8684;   0.04000;0.0012
;;;0.8688;   0.00000;0.03
;;;0.8692;   0.04000;0.0012
;;;0.8696;   0.04000;0.0012
;;;0.87;   0.00000;0.03
;;;0.8704;   0.04000;0.0012
;;;0.8708;   0.04000;0.0012
;;;0.8712;   0.04000;0.0012
;;;0.8716;   0.00000;0.03
;;;0.872;   0.04000;0.0012
;;;0.8724;   0.00000;0.03
;;;0.8728;   0.04000;0.0012
;;;0.8732;   0.04000;0.0012
;;;0.8736;   0.00000;0.03
;;;0.874;   0.04000;0.0012
;;;0.8744;   0.00000;0.03
;;;0.8748;   0.04000;0.0012
;;;0.8752;   0.04000;0.0012
;;;0.8756;   0.04000;0.0012
;;;0.876;   0.00000;0.03
;;;0.8764;   0.00000;0.03
;;;0.8768;   0.04000;0.0012
;;;0.8772;   0.04000;0.0012
;;;0.8776;   0.00000;0.03
;;;0.878;   0.04000;0.0012
;;;0.8784;   0.04000;0.0012
;;;0.8788;   0.04000;0.0012
;;;0.8792;   0.04000;0.0012
;;;0.8796;   0.04000;0.0012
;;;0.88;   0.04000;0.0012
;;;0.8804;   0.04000;0.0012
;;;0.8808;   0.04000;0.0012
;;;0.8812;   0.04000;0.0012
;;;0.8816;   0.04000;0.0012
;;;0.882;   0.04000;0.0012
;;;0.8824;   0.04000;0.0012
;;;0.8828;   0.04000;0.0012
;;;0.8832;   0.04000;0.0012
;;;0.8836;   0.00000;0.03
;;;0.884;   0.04000;0.0012
;;;0.8844;   0.04000;0.0012
;;;0.8848;   0.04000;0.0012
;;;0.8852;   0.08000;0.0024
;;;0.8856;   0.04000;0.0012
;;;0.886;   0.04000;0.0012
;;;0.8864;   0.04000;0.0012
;;;0.8868;   0.04000;0.0012
;;;0.8872;   0.08000;0.0024
;;;0.8876;   0.04000;0.0012
;;;0.888;   0.04000;0.0012
;;;0.8884;   0.04000;0.0012
;;;0.8888;   0.08000;0.0024
;;;0.8892;   0.08000;0.0024
;;;0.8896;   0.08000;0.0024
;;;0.89;   0.08000;0.0024
;;;0.8904;   0.08000;0.0024
;;;0.8908;   0.04000;0.0012
;;;0.8912;   0.08000;0.0024
;;;0.8916;   0.08000;0.0024
;;;0.892;   0.08000;0.0024
;;;0.8924;   0.04000;0.0012
;;;0.8928;   0.08000;0.0024
;;;0.8932;   0.08000;0.0024
;;;0.8936;   0.08000;0.0024
;;;0.894;   0.12000;0.0036
;;;0.8944;   0.08000;0.0024
;;;0.8948;   0.12000;0.0036
;;;0.8952;   0.08000;0.0024
;;;0.8956;   0.08000;0.0024
;;;0.896;   0.12000;0.0036
;;;0.8964;   0.12000;0.0036
;;;0.8968;   0.12000;0.0036
;;;0.8972;   0.12000;0.0036
;;;0.8976;   0.12000;0.0036
;;;0.898;   0.12000;0.0036
;;;0.8984;   0.12000;0.0036
;;;0.8988;   0.12000;0.0036
;;;0.8992;   0.12000;0.0036
;;;0.8996;   0.16000;0.0048
;;;0.9;   0.16000;0.0048
;;;0.9004;   0.12000;0.0036
;;;0.9008;   0.16000;0.0048
;;;0.9012;   0.16000;0.0048
;;;0.9016;   0.16000;0.0048
;;;0.902;   0.16000;0.0048
;;;0.9024;   0.20000;0.006
;;;0.9028;   0.20000;0.006
;;;0.9032;   0.20000;0.006
;;;0.9036;   0.20000;0.006
;;;0.904;   0.20000;0.006
;;;0.9044;   0.20000;0.006
;;;0.9048;   0.20000;0.006
;;;0.9052;   0.24000;0.0072
;;;0.9056;   0.24000;0.0072
;;;0.906;   0.28000;0.0084
;;;0.9064;   0.28000;0.0084
;;;0.9068;   0.28000;0.0084
;;;0.9072;   0.28000;0.0084
;;;0.9076;   0.32000;0.0096
;;;0.908;   0.32000;0.0096
;;;0.9084;   0.36000;0.0108
;;;0.9088;   0.36000;0.0108
;;;0.9092;   0.40000;0.012
;;;0.9096;   0.40000;0.012
;;;0.91;   0.44000;0.0132
;;;0.9104;   0.44000;0.0132
;;;0.9108;   0.48000;0.0144
;;;0.9112;   0.52000;0.0156
;;;0.9116;   0.56000;0.0168
;;;0.912;   0.56000;0.0168
;;;0.9124;   0.56000;0.0168
;;;0.9128;   0.64000;0.0192
;;;0.9132;   0.68000;0.0204
;;;0.9136;   0.72000;0.0216
;;;0.914;   0.72000;0.0216
;;;0.9144;   0.80000;0.024
;;;0.9148;   0.84000;0.0252
;;;0.9152;   0.88000;0.0264
;;;0.9156;   0.92000;0.0276
;;;0.916;   1.00000;0.03
;;;0.9164;   1.12000;0.0336
;;;0.9168;   1.20000;0.036
;;;0.9172;   1.24000;0.0372
;;;0.9176;   1.28000;0.0384
;;;0.918;   1.36000;0.0408
;;;0.9184;   1.44000;0.0432
;;;0.9188;   1.56000;0.0468
;;;0.9192;   1.68000;0.0504
;;;0.9196;   1.84000;0.0552
;;;0.92;   1.96000;0.0588
;;;0.9204;   2.04000;0.0612
;;;0.9208;   2.20000;0.066
;;;0.9212;   2.36000;0.0708
;;;0.9216;   2.48000;0.0744
;;;0.922;   2.64000;0.0792
;;;0.9224;   2.76000;0.0828
;;;0.9228;   2.84000;0.0852
;;;0.9232;   2.96000;0.0888
;;;0.9236;   3.12000;0.0936
;;;0.924;   3.28000;0.0984
;;;0.9244;   3.40000;0.102
;;;0.9248;   3.56000;0.1068
;;;0.9252;   3.64000;0.1092
;;;0.9256;   3.72000;0.1116
;;;0.926;   3.80000;0.114
;;;0.9264;   3.84000;0.1152
;;;0.9268;   3.88000;0.1164
;;;0.9272;   3.88000;0.1164
;;;0.9276;   3.84000;0.1152
;;;0.928;   3.84000;0.1152
;;;0.9284;   3.72000;0.1116
;;;0.9288;   3.64000;0.1092
;;;0.9292;   3.48000;0.1044
;;;0.9296;   3.36000;0.1008
;;;0.93;   3.24000;0.0972
;;;0.9304;   3.08000;0.0924
;;;0.9308;   2.88000;0.0864
;;;0.9312;   2.60000;0.078
;;;0.9316;   2.36000;0.0708
;;;0.932;   2.24000;0.0672
;;;0.9324;   2.08000;0.0624
;;;0.9328;   1.96000;0.0588
;;;0.9332;   1.80000;0.054
;;;0.9336;   1.72000;0.0516
;;;0.934;   1.60000;0.048
;;;0.9344;   1.48000;0.0444
;;;0.9348;   1.32000;0.0396
;;;0.9352;   1.12000;0.0336
;;;0.9356;   0.96000;0.0288
;;;0.936;   0.88000;0.0264
;;;0.9364;   0.88000;0.0264
;;;0.9368;   0.96000;0.0288
;;;0.9372;   0.96000;0.0288
;;;0.9376;   0.76000;0.0228
;;;0.938;   0.64000;0.0192
;;;0.9384;   0.52000;0.0156
;;;0.9388;   0.52000;0.0156
;;;0.9392;   0.56000;0.0168
;;;0.9396;   0.56000;0.0168
;;;0.94;   0.52000;0.0156
;;;0.9404;   0.48000;0.0144
;;;0.9408;   0.44000;0.0132
;;;0.9412;   0.44000;0.0132
;;;0.9416;   0.40000;0.012
;;;0.942;   0.40000;0.012
;;;0.9424;   0.36000;0.0108
;;;0.9428;   0.36000;0.0108
;;;0.9432;   0.28000;0.0084
;;;0.9436;   0.28000;0.0084
;;;0.944;   0.28000;0.0084
;;;0.9444;   0.36000;0.0108
;;;0.9448;   0.36000;0.0108
;;;0.9452;   0.36000;0.0108
;;;0.9456;   0.28000;0.0084
;;;0.946;   0.24000;0.0072
;;;0.9464;   0.24000;0.0072
;;;0.9468;   0.20000;0.006
;;;0.9472;   0.20000;0.006
;;;0.9476;   0.24000;0.0072
;;;0.948;   0.24000;0.0072
;;;0.9484;   0.24000;0.0072
;;;0.9488;   0.20000;0.006
;;;0.9492;   0.20000;0.006
;;;0.9496;   0.20000;0.006
;;;0.95;   0.16000;0.0048
;;;0.9504;   0.16000;0.0048
;;;0.9508;   0.16000;0.0048
;;;0.9512;   0.20000;0.006
;;;0.9516;   0.20000;0.006
;;;0.952;   0.20000;0.006
;;;0.9524;   0.20000;0.006
;;;0.9528;   0.16000;0.0048
;;;0.9532;   0.20000;0.006
;;;0.9536;   0.20000;0.006
;;;0.954;   0.20000;0.006
;;;0.9544;   0.16000;0.0048
;;;0.9548;   0.16000;0.0048
;;;0.9552;   0.20000;0.006
;;;0.9556;   0.16000;0.0048
;;;0.956;   0.16000;0.0048
;;;0.9564;   0.16000;0.0048
;;;0.9568;   0.20000;0.006
;;;0.9572;   0.24000;0.0072
;;;0.9576;   0.28000;0.0084
;;;0.958;   0.28000;0.0084
;;;0.9584;   0.28000;0.0084
;;;0.9588;   0.24000;0.0072
;;;0.9592;   0.24000;0.0072
;;;0.9596;   0.24000;0.0072
;;;0.96;   0.24000;0.0072
;;;0.9604;   0.28000;0.0084
;;;0.9608;   0.24000;0.0072
;;;0.9612;   0.24000;0.0072
;;;0.9616;   0.28000;0.0084
;;;0.962;   0.24000;0.0072
;;;0.9624;   0.24000;0.0072
;;;0.9628;   0.24000;0.0072
;;;0.9632;   0.20000;0.006
;;;0.9636;   0.20000;0.006
;;;0.964;   0.24000;0.0072
;;;0.9644;   0.20000;0.006
;;;0.9648;   0.20000;0.006
;;;0.9652;   0.20000;0.006
;;;0.9656;   0.12000;0.0036
;;;0.966;   0.16000;0.0048
;;;0.9664;   0.12000;0.0036
;;;0.9668;   0.16000;0.0048
;;;0.9672;   0.12000;0.0036
;;;0.9676;   0.16000;0.0048
;;;0.968;   0.16000;0.0048
;;;0.9684;   0.12000;0.0036
;;;0.9688;   0.12000;0.0036
;;;0.9692;  -1.88000;0.0564
;;;0.9696;  -1.88000;0.0564
;;;0.97;  -1.88000;0.0564
;;;0.9704;  -1.88000;0.0564
;;;0.9708;  -1.88000;0.0564
;;;0.9712;  -1.88000;0.0564
;;;0.9716;  -1.88000;0.0564
;;;0.972;  -1.88000;0.0564
;;;0.9724;  -1.88000;0.0564
;;;0.9728;  -1.88000;0.0564
;;;0.9732;  -1.88000;0.0564
;;;0.9736;  -1.88000;0.0564
;;;0.974;  -1.88000;0.0564
;;;0.9744;  -1.88000;0.0564
;;;0.9748;  -1.88000;0.0564
;;;0.9752;  -1.88000;0.0564
;;;0.9756;  -1.88000;0.0564
;;;0.976;  -1.88000;0.0564
;;;0.9764;  -1.88000;0.0564
;;;0.9768;  -1.88000;0.0564
;;;0.9772;  -1.88000;0.0564
;;;0.9776;  -1.88000;0.0564
;;;0.978;  -1.88000;0.0564
;;;0.9784;  -1.88000;0.0564
;;;0.9788;  -1.88000;0.0564
;;;0.9792;  -1.88000;0.0564
;;;0.9796;  -1.88000;0.0564
;;;0.98;  -1.88000;0.0564
;;;0.9804;  -1.88000;0.0564
;;;0.9808;  -1.88000;0.0564
;;;0.9812;  -1.88000;0.0564
;;;0.9816;  -1.88000;0.0564
;;;0.982;  -1.88000;0.0564
;;;0.9824;  -1.88000;0.0564
;;;0.9828;  -1.88000;0.0564
;;;0.9832;  -1.88000;0.0564
;;;0.9836;  -1.88000;0.0564
;;;0.984;  -1.88000;0.0564
;;;0.9844;  -1.88000;0.0564
;;;0.9848;  -1.88000;0.0564
;;;0.9852;  -1.88000;0.0564
;;;0.9856;  -1.88000;0.0564
;;;0.986;  -1.88000;0.0564
;;;0.9864;  -1.88000;0.0564
;;;0.9868;  -1.88000;0.0564
;;;0.9872;  -1.88000;0.0564
;;;0.9876;  -1.88000;0.0564
;;;0.988;  -1.88000;0.0564
;;;0.9884;  -1.88000;0.0564
;;;0.9888;  -1.88000;0.0564
;;;0.9892;  -1.88000;0.0564
;;;0.9896;  -1.88000;0.0564
;;;0.99;  -1.88000;0.0564
;;;0.9904;  -1.88000;0.0564
;;;0.9908;  -1.88000;0.0564
;;;0.9912;  -1.88000;0.0564
;;;0.9916;  -1.88000;0.0564
;;;0.992;  -1.88000;0.0564
;;;0.9924;  -1.88000;0.0564
;;;0.9928;  -1.88000;0.0564
;;;0.9932;  -1.88000;0.0564
;;;0.9936;  -1.88000;0.0564
;;;0.994;  -1.88000;0.0564
;;;0.9944;  -1.88000;0.0564
;;;0.9948;  -1.88000;0.0564
;;;0.9952;  -1.88000;0.0564
;;;0.9956;  -1.88000;0.0564
;;;0.996;  -1.88000;0.0564
;;;0.9964;  -1.88000;0.0564
;;;0.9968;  -1.88000;0.0564
;;;0.9972;  -1.88000;0.0564
;;;0.9976;  -1.88000;0.0564
;;;0.998;  -1.88000;0.0564
;;;0.9984;  -1.88000;0.0564
;;;0.9988;  -1.88000;0.0564
;;;0.9992;  -1.88000;0.0564
;;;0.9996;  -1.88000;0.0564
